% time	cellId	IMSI	frame	sframe	RNTI	mcs	size	ccId
0.109	1	2	11	10	1	2	65	0
0.109	1	7	11	10	2	12	301	0
0.109	1	2	11	10	1	2	65	1
0.109	1	7	11	10	2	12	301	1
0.118	1	10	12	9	3	24	1692	0
0.118	1	10	12	9	3	24	1692	1
0.124	1	4	13	5	4	28	2292	0
0.124	1	4	13	5	4	28	2292	1
0.125	1	2	13	6	1	16	967	0
0.125	1	2	13	6	1	16	967	1
0.126	1	2	13	7	1	16	967	0
0.126	1	2	13	7	1	16	967	1
0.127	1	2	13	8	1	16	967	0
0.127	1	2	13	8	1	16	967	1
0.128	1	1	13	9	9	24	1692	0
0.128	1	1	13	9	9	24	1692	1
0.129	1	7	13	10	2	14	807	0
0.129	1	7	13	10	2	14	807	1
0.13	1	7	14	1	2	14	807	0
0.13	1	7	14	1	2	14	807	1
0.148	1	2	15	9	1	16	967	0
0.148	1	2	15	9	1	16	967	1
0.149	1	7	15	10	2	14	807	0
0.149	1	7	15	10	2	14	807	1
0.153	1	7	16	4	2	14	807	0
0.153	1	7	16	4	2	14	807	1
0.155	1	7	16	6	2	14	807	0
0.155	1	7	16	6	2	14	807	1
0.163	1	2	17	4	1	8	437	0
0.163	1	2	17	4	1	8	437	1
0.164	1	2	17	5	1	8	437	0
0.164	1	2	17	5	1	8	437	1
0.165	1	2	17	6	1	8	437	0
0.165	1	2	17	6	1	8	437	1
0.178	1	2	18	9	1	8	437	0
0.178	1	2	18	9	1	8	437	1
0.179	1	2	18	10	1	8	437	0
0.179	1	2	18	10	1	8	437	1
0.18	1	2	19	1	1	8	437	0
0.18	1	2	19	1	1	8	437	1
0.198	1	2	20	9	1	8	437	0
0.198	1	2	20	9	1	8	437	1
0.203	1	2	21	4	1	16	967	0
0.203	1	2	21	4	1	16	967	1
0.213	1	2	22	4	1	16	967	0
0.213	1	2	22	4	1	16	967	1
0.214	1	2	22	5	1	16	967	0
0.214	1	2	22	5	1	16	967	1
0.215	1	2	22	6	1	16	967	0
0.215	1	2	22	6	1	16	967	1
0.228	1	2	23	9	1	16	967	0
0.228	1	2	23	9	1	16	967	1
0.229	1	2	23	10	1	16	967	0
0.229	1	2	23	10	1	16	967	1
0.23	1	2	24	1	1	16	967	0
0.23	1	2	24	1	1	16	967	1
0.247	1	2	25	8	1	2	137	0
0.247	1	2	25	8	1	2	137	1
0.248	1	2	25	9	1	2	137	0
0.248	1	2	25	9	1	2	137	1
0.263	1	2	27	4	1	2	137	0
0.263	1	2	27	4	1	2	137	1
0.264	1	2	27	5	1	2	137	0
0.264	1	2	27	5	1	2	137	1
0.265	1	2	27	6	1	2	137	0
0.265	1	2	27	6	1	2	137	1
0.266	1	2	27	7	1	2	137	0
0.266	1	2	27	7	1	2	137	1
0.279	1	2	28	10	1	2	137	0
0.279	1	2	28	10	1	2	137	1
0.28	1	2	29	1	1	2	137	0
0.28	1	2	29	1	1	2	137	1
0.281	1	2	29	2	1	28	2292	0
0.281	1	2	29	2	1	28	2292	1
0.295	1	2	30	6	1	28	2292	0
0.295	1	2	30	6	1	28	2292	1
0.296	1	2	30	7	1	28	2292	0
0.296	1	2	30	7	1	28	2292	1
0.311	1	2	32	2	1	28	2292	0
0.311	1	2	32	2	1	28	2292	1
0.312	1	2	32	3	1	28	2292	0
0.312	1	2	32	3	1	28	2292	1
0.334	1	2	34	5	1	16	967	0
0.334	1	2	34	5	1	16	967	1
0.35	1	2	36	1	1	16	967	0
0.35	1	2	36	1	1	16	967	1
0.351	1	2	36	2	1	16	967	0
0.351	1	2	36	2	1	16	967	1
0.352	1	2	36	3	1	16	967	0
0.352	1	2	36	3	1	16	967	1
0.366	1	2	37	7	1	20	1335	0
0.366	1	2	37	7	1	20	1335	1
0.367	1	2	37	8	1	20	1335	0
0.367	1	2	37	8	1	20	1335	1
0.368	1	2	37	9	1	20	1335	0
0.368	1	2	37	9	1	20	1335	1
0.382	1	2	39	3	1	20	1335	0
0.382	1	2	39	3	1	20	1335	1
0.383	1	2	39	4	1	20	1335	0
0.383	1	2	39	4	1	20	1335	1
0.384	1	2	39	5	1	20	1335	0
0.384	1	2	39	5	1	20	1335	1
0.397	1	2	40	8	1	20	1335	0
0.397	1	2	40	8	1	20	1335	1
0.398	1	2	40	9	1	20	1335	0
0.398	1	2	40	9	1	20	1335	1
0.399	1	2	40	10	1	20	1335	0
0.399	1	2	40	10	1	20	1335	1
0.413	1	2	42	4	1	28	2292	0
0.413	1	2	42	4	1	28	2292	1
0.414	1	2	42	5	1	28	2292	0
0.414	1	2	42	5	1	28	2292	1
0.415	1	2	42	6	1	28	2292	0
0.415	1	2	42	6	1	28	2292	1
0.416	1	2	42	7	1	28	2292	0
0.416	1	2	42	7	1	28	2292	1
0.429	1	2	43	10	1	28	2292	0
0.429	1	2	43	10	1	28	2292	1
0.43	1	2	44	1	1	28	2292	0
0.43	1	2	44	1	1	28	2292	1
0.431	1	2	44	2	1	28	2292	0
0.431	1	2	44	2	1	28	2292	1
0.444	1	2	45	5	1	12	621	0
0.444	1	2	45	5	1	12	621	1
0.445	1	2	45	6	1	12	621	0
0.445	1	2	45	6	1	12	621	1
0.446	1	2	45	7	1	12	621	0
0.446	1	2	45	7	1	12	621	1
0.459	1	2	46	10	1	12	621	0
0.459	1	2	46	10	1	12	621	1
0.46	1	2	47	1	1	12	621	0
0.46	1	2	47	1	1	12	621	1
0.461	1	2	47	2	1	12	621	0
0.461	1	2	47	2	1	12	621	1
0.474	1	2	48	5	1	12	621	0
0.474	1	2	48	5	1	12	621	1
0.708	1	9	71	9	10	24	1692	0
0.708	1	9	71	9	10	24	1692	1
1.156	1	7	116	7	2	24	1692	0
1.156	1	7	116	7	2	24	1692	1
1.179	1	2	118	10	1	18	1143	0
1.179	1	2	118	10	1	18	1143	1
1.195	1	2	120	6	1	18	1143	0
1.195	1	2	120	6	1	18	1143	1
1.21	1	2	122	1	1	18	1143	0
1.21	1	2	122	1	1	18	1143	1
1.226	1	2	123	7	1	18	1143	0
1.226	1	2	123	7	1	18	1143	1
1.242	1	2	125	3	1	28	2292	0
1.242	1	2	125	3	1	28	2292	1
1.243	1	2	125	4	1	28	2292	0
1.243	1	2	125	4	1	28	2292	1
1.258	1	2	126	9	1	28	2292	0
1.258	1	2	126	9	1	28	2292	1
1.259	1	2	126	10	1	28	2292	0
1.259	1	2	126	10	1	28	2292	1
1.273	1	2	128	4	1	28	2292	0
1.273	1	2	128	4	1	28	2292	1
1.274	1	2	128	5	1	28	2292	0
1.274	1	2	128	5	1	28	2292	1
1.275	1	2	128	6	1	28	2292	0
1.275	1	2	128	6	1	28	2292	1
1.276	1	2	128	7	1	28	2292	0
1.276	1	2	128	7	1	28	2292	1
1.289	1	2	129	10	1	22	1431	0
1.289	1	2	129	10	1	22	1431	1
1.29	1	2	130	1	1	22	1431	0
1.29	1	2	130	1	1	22	1431	1
1.291	1	2	130	2	1	22	1431	0
1.291	1	2	130	2	1	22	1431	1
1.305	1	2	131	6	1	22	1431	0
1.305	1	2	131	6	1	22	1431	1
1.306	1	2	131	7	1	22	1431	0
1.306	1	2	131	7	1	22	1431	1
1.321	1	2	133	2	1	12	621	0
1.321	1	2	133	2	1	12	621	1
1.322	1	2	133	3	1	12	621	0
1.322	1	2	133	3	1	12	621	1
1.336	1	2	134	7	1	12	621	0
1.336	1	2	134	7	1	12	621	1
1.337	1	2	134	8	1	12	621	0
1.337	1	2	134	8	1	12	621	1
1.353	1	2	136	4	1	12	621	0
1.353	1	2	136	4	1	12	621	1
1.368	1	2	137	9	1	20	1335	0
1.368	1	2	137	9	1	20	1335	1
1.369	1	2	137	10	1	20	1335	0
1.369	1	2	137	10	1	20	1335	1
1.384	1	2	139	5	1	20	1335	0
1.384	1	2	139	5	1	20	1335	1
1.4	1	2	141	1	1	20	1335	0
1.4	1	2	141	1	1	20	1335	1
1.401	1	2	141	2	1	18	1143	0
1.401	1	2	141	2	1	18	1143	1
1.415	1	2	142	6	1	18	1143	0
1.415	1	2	142	6	1	18	1143	1
1.416	1	2	142	7	1	18	1143	0
1.416	1	2	142	7	1	18	1143	1
1.417	1	2	142	8	1	18	1143	0
1.417	1	2	142	8	1	18	1143	1
1.431	1	2	144	2	1	18	1143	0
1.431	1	2	144	2	1	18	1143	1
1.432	1	2	144	3	1	18	1143	0
1.432	1	2	144	3	1	18	1143	1
1.446	1	2	145	7	1	24	1692	0
1.446	1	2	145	7	1	24	1692	1
1.447	1	2	145	8	1	24	1692	0
1.447	1	2	145	8	1	24	1692	1
1.461	1	2	147	2	1	24	1692	0
1.461	1	2	147	2	1	24	1692	1
1.462	1	2	147	3	1	24	1692	0
1.462	1	2	147	3	1	24	1692	1
1.477	1	2	148	8	1	24	1692	0
1.477	1	2	148	8	1	24	1692	1
1.478	1	2	148	9	1	24	1692	0
1.478	1	2	148	9	1	24	1692	1
1.493	1	2	150	4	1	22	1431	0
1.493	1	2	150	4	1	22	1431	1
1.494	1	2	150	5	1	22	1431	0
1.494	1	2	150	5	1	22	1431	1
1.508	1	2	151	9	1	22	1431	0
1.508	1	2	151	9	1	22	1431	1
1.509	1	2	151	10	1	22	1431	0
1.509	1	2	151	10	1	22	1431	1
1.524	1	2	153	5	1	28	2292	0
1.524	1	2	153	5	1	28	2292	1
1.526	1	2	153	7	1	28	2292	0
1.526	1	2	153	7	1	28	2292	1
1.54	1	2	155	1	1	28	2292	0
1.54	1	2	155	1	1	28	2292	1
1.556	1	2	156	7	1	28	2292	0
1.556	1	2	156	7	1	28	2292	1
1.557	1	2	156	8	1	28	2292	0
1.557	1	2	156	8	1	28	2292	1
1.558	1	2	156	9	1	28	2292	0
1.558	1	2	156	9	1	28	2292	1
1.572	1	2	158	3	1	28	2292	0
1.572	1	2	158	3	1	28	2292	1
1.573	1	2	158	4	1	28	2292	0
1.573	1	2	158	4	1	28	2292	1
1.589	1	2	159	10	1	28	2292	0
1.589	1	2	159	10	1	28	2292	1
1.605	1	2	161	6	1	18	1143	0
1.605	1	2	161	6	1	18	1143	1
1.606	1	2	161	7	1	18	1143	0
1.606	1	2	161	7	1	18	1143	1
1.62	1	2	163	1	1	18	1143	0
1.62	1	2	163	1	1	18	1143	1
1.622	1	2	163	3	1	18	1143	0
1.622	1	2	163	3	1	18	1143	1
1.636	1	2	164	7	1	18	1143	0
1.636	1	2	164	7	1	18	1143	1
1.637	1	2	164	8	1	18	1143	0
1.637	1	2	164	8	1	18	1143	1
1.652	1	2	166	3	1	26	1908	0
1.652	1	2	166	3	1	26	1908	1
1.653	1	2	166	4	1	26	1908	0
1.653	1	2	166	4	1	26	1908	1
1.667	1	2	167	8	1	26	1908	0
1.667	1	2	167	8	1	26	1908	1
1.668	1	2	167	9	1	26	1908	0
1.668	1	2	167	9	1	26	1908	1
1.683	1	2	169	4	1	20	1335	0
1.683	1	2	169	4	1	20	1335	1
1.684	1	2	169	5	1	20	1335	0
1.684	1	2	169	5	1	20	1335	1
1.698	1	2	170	9	1	20	1335	0
1.698	1	2	170	9	1	20	1335	1
1.699	1	2	170	10	1	20	1335	0
1.699	1	2	170	10	1	20	1335	1
1.7	1	2	171	1	1	20	1335	0
1.7	1	2	171	1	1	20	1335	1
1.716	1	2	172	7	1	20	1335	0
1.716	1	2	172	7	1	20	1335	1
1.734	1	2	174	5	1	26	1908	0
1.734	1	2	174	5	1	26	1908	1
1.75	1	2	176	1	1	26	1908	0
1.75	1	2	176	1	1	26	1908	1
1.751	1	2	176	2	1	26	1908	0
1.751	1	2	176	2	1	26	1908	1
1.752	1	2	176	3	1	26	1908	0
1.752	1	2	176	3	1	26	1908	1
1.765	1	2	177	6	1	14	807	0
1.765	1	2	177	6	1	14	807	1
1.766	1	2	177	7	1	14	807	0
1.766	1	2	177	7	1	14	807	1
1.767	1	2	177	8	1	14	807	0
1.767	1	2	177	8	1	14	807	1
1.783	1	2	179	4	1	14	807	0
1.783	1	2	179	4	1	14	807	1
1.784	1	2	179	5	1	14	807	0
1.784	1	2	179	5	1	14	807	1
1.798	1	2	180	9	1	14	807	0
1.798	1	2	180	9	1	14	807	1
1.799	1	2	180	10	1	14	807	0
1.799	1	2	180	10	1	14	807	1
1.815	1	2	182	6	1	28	2292	0
1.815	1	2	182	6	1	28	2292	1
1.816	1	2	182	7	1	28	2292	0
1.816	1	2	182	7	1	28	2292	1
1.831	1	2	184	2	1	28	2292	0
1.831	1	2	184	2	1	28	2292	1
1.847	1	2	185	8	1	12	621	0
1.847	1	2	185	8	1	12	621	1
1.848	1	2	185	9	1	12	621	0
1.848	1	2	185	9	1	12	621	1
1.866	1	2	187	7	1	12	621	0
1.866	1	2	187	7	1	12	621	1
1.881	1	2	189	2	1	14	807	0
1.881	1	2	189	2	1	14	807	1
1.882	1	2	189	3	1	14	807	0
1.882	1	2	189	3	1	14	807	1
1.897	1	2	190	8	1	14	807	0
1.897	1	2	190	8	1	14	807	1
1.914	1	2	192	5	1	14	807	0
1.914	1	2	192	5	1	14	807	1
1.915	1	2	192	6	1	14	807	0
1.915	1	2	192	6	1	14	807	1
1.923	1	2	193	4	1	28	2292	0
1.923	1	2	193	4	1	28	2292	1
1.93	1	2	194	1	1	28	2292	0
1.93	1	2	194	1	1	28	2292	1
1.931	1	2	194	2	1	28	2292	0
1.931	1	2	194	2	1	28	2292	1
1.932	1	2	194	3	1	28	2292	0
1.932	1	2	194	3	1	28	2292	1
1.938	1	2	194	9	1	28	2292	0
1.938	1	2	194	9	1	28	2292	1
1.945	1	2	195	6	1	28	2292	0
1.945	1	2	195	6	1	28	2292	1
1.946	1	2	195	7	1	28	2292	0
1.946	1	2	195	7	1	28	2292	1
1.947	1	2	195	8	1	28	2292	0
1.947	1	2	195	8	1	28	2292	1
1.953	1	2	196	4	1	28	2292	0
1.953	1	2	196	4	1	28	2292	1
1.961	1	2	197	2	1	18	1143	0
1.961	1	2	197	2	1	18	1143	1
1.963	1	2	197	4	1	18	1143	0
1.963	1	2	197	4	1	18	1143	1
1.977	1	2	198	8	1	18	1143	0
1.977	1	2	198	8	1	18	1143	1
1.978	1	2	198	9	1	18	1143	0
1.978	1	2	198	9	1	18	1143	1
1.993	1	2	200	4	1	18	1143	0
1.993	1	2	200	4	1	18	1143	1
2.013	1	2	202	4	1	26	1908	0
2.013	1	2	202	4	1	26	1908	1
2.028	1	2	203	9	1	26	1908	0
2.028	1	2	203	9	1	26	1908	1
2.029	1	2	203	10	1	26	1908	0
2.029	1	2	203	10	1	26	1908	1
2.03	1	2	204	1	1	26	1908	0
2.03	1	2	204	1	1	26	1908	1
2.044	1	2	205	5	1	20	1335	0
2.044	1	2	205	5	1	20	1335	1
2.045	1	2	205	6	1	20	1335	0
2.045	1	2	205	6	1	20	1335	1
2.065	1	2	207	6	1	20	1335	0
2.065	1	2	207	6	1	20	1335	1
2.084	1	2	209	5	1	4	225	0
2.084	1	2	209	5	1	4	225	1
2.106	1	2	211	7	1	4	225	0
2.106	1	2	211	7	1	4	225	1
2.121	1	2	213	2	1	14	807	0
2.121	1	2	213	2	1	14	807	1
2.122	1	2	213	3	1	14	807	0
2.122	1	2	213	3	1	14	807	1
2.138	1	2	214	9	1	14	807	0
2.138	1	2	214	9	1	14	807	1
2.139	1	2	214	10	1	14	807	0
2.139	1	2	214	10	1	14	807	1
2.154	1	2	216	5	1	14	807	0
2.154	1	2	216	5	1	14	807	1
2.156	1	2	216	7	1	14	807	0
2.156	1	2	216	7	1	14	807	1
2.183	1	7	219	4	2	20	645	0
2.183	1	7	219	4	2	20	645	1
2.201	1	2	221	2	1	18	1143	0
2.201	1	2	221	2	1	18	1143	1
2.217	1	2	222	8	1	18	1143	0
2.217	1	2	222	8	1	18	1143	1
2.225	1	2	223	6	1	18	1143	0
2.225	1	2	223	6	1	18	1143	1
2.232	1	2	224	3	1	18	1143	0
2.232	1	2	224	3	1	18	1143	1
2.24	1	2	225	1	1	18	1143	0
2.24	1	2	225	1	1	18	1143	1
2.241	1	2	225	2	1	8	437	0
2.241	1	2	225	2	1	8	437	1
2.242	1	2	225	3	1	8	437	0
2.242	1	2	225	3	1	8	437	1
2.255	1	2	226	6	1	8	437	0
2.255	1	2	226	6	1	8	437	1
2.256	1	2	226	7	1	8	437	0
2.256	1	2	226	7	1	8	437	1
2.257	1	2	226	8	1	8	437	0
2.257	1	2	226	8	1	8	437	1
2.272	1	2	228	3	1	8	437	0
2.272	1	2	228	3	1	8	437	1
2.273	1	2	228	4	1	8	437	0
2.273	1	2	228	4	1	8	437	1
2.287	1	2	229	8	1	18	1143	0
2.287	1	2	229	8	1	18	1143	1
2.288	1	2	229	9	1	18	1143	0
2.288	1	2	229	9	1	18	1143	1
2.289	1	2	229	10	1	18	1143	0
2.289	1	2	229	10	1	18	1143	1
2.302	1	2	231	3	1	18	1143	0
2.302	1	2	231	3	1	18	1143	1
2.303	1	2	231	4	1	18	1143	0
2.303	1	2	231	4	1	18	1143	1
2.324	1	2	233	5	1	20	1335	0
2.324	1	2	233	5	1	20	1335	1
2.34	1	2	235	1	1	20	1335	0
2.34	1	2	235	1	1	20	1335	1
2.341	1	2	235	2	1	20	1335	0
2.341	1	2	235	2	1	20	1335	1
2.361	1	2	237	2	1	22	1431	0
2.361	1	2	237	2	1	22	1431	1
2.376	1	2	238	7	1	22	1431	0
2.376	1	2	238	7	1	22	1431	1
2.377	1	2	238	8	1	22	1431	0
2.377	1	2	238	8	1	22	1431	1
2.392	1	2	240	3	1	22	1431	0
2.392	1	2	240	3	1	22	1431	1
2.393	1	2	240	4	1	22	1431	0
2.393	1	2	240	4	1	22	1431	1
2.408	1	2	241	9	1	18	1143	0
2.408	1	2	241	9	1	18	1143	1
2.409	1	2	241	10	1	18	1143	0
2.409	1	2	241	10	1	18	1143	1
2.41	1	2	242	1	1	18	1143	0
2.41	1	2	242	1	1	18	1143	1
2.411	1	2	242	2	1	18	1143	0
2.411	1	2	242	2	1	18	1143	1
2.423	1	2	243	4	1	18	1143	0
2.423	1	2	243	4	1	18	1143	1
2.424	1	2	243	5	1	18	1143	0
2.424	1	2	243	5	1	18	1143	1
2.425	1	2	243	6	1	18	1143	0
2.425	1	2	243	6	1	18	1143	1
2.426	1	2	243	7	1	18	1143	0
2.426	1	2	243	7	1	18	1143	1
2.439	1	2	244	10	1	18	1143	0
2.439	1	2	244	10	1	18	1143	1
2.44	1	2	245	1	1	18	1143	0
2.44	1	2	245	1	1	18	1143	1
2.441	1	2	245	2	1	20	1335	0
2.441	1	2	245	2	1	20	1335	1
2.454	1	2	246	5	1	20	1335	0
2.454	1	2	246	5	1	20	1335	1
2.455	1	2	246	6	1	20	1335	0
2.455	1	2	246	6	1	20	1335	1
2.47	1	2	248	1	1	20	1335	0
2.47	1	2	248	1	1	20	1335	1
2.471	1	2	248	2	1	20	1335	0
2.471	1	2	248	2	1	20	1335	1
2.486	1	2	249	7	1	16	967	0
2.486	1	2	249	7	1	16	967	1
2.487	1	2	249	8	1	16	967	0
2.487	1	2	249	8	1	16	967	1
2.502	1	2	251	3	1	16	967	0
2.502	1	2	251	3	1	16	967	1
2.503	1	2	251	4	1	16	967	0
2.503	1	2	251	4	1	16	967	1
2.519	1	2	252	10	1	16	967	0
2.519	1	2	252	10	1	16	967	1
2.52	1	2	253	1	1	16	967	0
2.52	1	2	253	1	1	16	967	1
2.538	1	2	254	9	1	18	1143	0
2.538	1	2	254	9	1	18	1143	1
2.553	1	2	256	4	1	18	1143	0
2.553	1	2	256	4	1	18	1143	1
2.554	1	2	256	5	1	18	1143	0
2.554	1	2	256	5	1	18	1143	1
2.555	1	2	256	6	1	18	1143	0
2.555	1	2	256	6	1	18	1143	1
2.571	1	2	258	2	1	14	807	0
2.571	1	2	258	2	1	14	807	1
2.587	1	2	259	8	1	14	807	0
2.587	1	2	259	8	1	14	807	1
2.588	1	2	259	9	1	14	807	0
2.588	1	2	259	9	1	14	807	1
2.589	1	2	259	10	1	14	807	0
2.589	1	2	259	10	1	14	807	1
2.603	1	2	261	4	1	18	1143	0
2.603	1	2	261	4	1	18	1143	1
2.604	1	2	261	5	1	18	1143	0
2.604	1	2	261	5	1	18	1143	1
2.619	1	2	262	10	1	18	1143	0
2.619	1	2	262	10	1	18	1143	1
2.62	1	2	263	1	1	18	1143	0
2.62	1	2	263	1	1	18	1143	1
2.635	1	2	264	6	1	18	1143	0
2.635	1	2	264	6	1	18	1143	1
2.636	1	2	264	7	1	18	1143	0
2.636	1	2	264	7	1	18	1143	1
2.65	1	2	266	1	1	6	325	0
2.65	1	2	266	1	1	6	325	1
2.651	1	2	266	2	1	6	325	0
2.651	1	2	266	2	1	6	325	1
2.665	1	2	267	6	1	6	325	0
2.665	1	2	267	6	1	6	325	1
2.666	1	2	267	7	1	6	325	0
2.666	1	2	267	7	1	6	325	1
2.667	1	2	267	8	1	6	325	0
2.667	1	2	267	8	1	6	325	1
2.681	1	2	269	2	1	22	1431	0
2.681	1	2	269	2	1	22	1431	1
2.696	1	2	270	7	1	22	1431	0
2.696	1	2	270	7	1	22	1431	1
2.697	1	2	270	8	1	22	1431	0
2.697	1	2	270	8	1	22	1431	1
2.698	1	2	270	9	1	22	1431	0
2.698	1	2	270	9	1	22	1431	1
2.712	1	2	272	3	1	22	1431	0
2.712	1	2	272	3	1	22	1431	1
2.713	1	2	272	4	1	22	1431	0
2.713	1	2	272	4	1	22	1431	1
2.761	1	2	277	2	1	10	549	0
2.761	1	2	277	2	1	10	549	1
2.778	1	2	278	9	1	10	549	0
2.778	1	2	278	9	1	10	549	1
2.779	1	2	278	10	1	10	549	0
2.779	1	2	278	10	1	10	549	1
2.793	1	2	280	4	1	10	549	0
2.793	1	2	280	4	1	10	549	1
2.795	1	2	280	6	1	10	549	0
2.795	1	2	280	6	1	10	549	1
2.809	1	2	281	10	1	22	1431	0
2.809	1	2	281	10	1	22	1431	1
2.81	1	2	282	1	1	22	1431	0
2.81	1	2	282	1	1	22	1431	1
2.825	1	2	283	6	1	22	1431	0
2.825	1	2	283	6	1	22	1431	1
2.844	1	2	285	5	1	12	621	0
2.844	1	2	285	5	1	12	621	1
2.864	1	2	287	5	1	12	621	0
2.864	1	2	287	5	1	12	621	1
2.879	1	2	288	10	1	12	621	0
2.879	1	2	288	10	1	12	621	1
2.887	1	2	289	8	1	18	1143	0
2.887	1	2	289	8	1	18	1143	1
2.895	1	2	290	6	1	18	1143	0
2.895	1	2	290	6	1	18	1143	1
2.903	1	2	291	4	1	18	1143	0
2.903	1	2	291	4	1	18	1143	1
2.904	1	2	291	5	1	18	1143	0
2.904	1	2	291	5	1	18	1143	1
2.906	1	5	291	7	11	10	549	0
2.906	1	5	291	7	11	10	549	1
2.917	1	2	292	8	1	18	1143	0
2.917	1	2	292	8	1	18	1143	1
2.926	1	2	293	7	1	14	807	0
2.926	1	2	293	7	1	14	807	1
2.938	1	2	294	9	1	14	807	0
2.938	1	2	294	9	1	14	807	1
2.946	1	2	295	7	1	14	807	0
2.946	1	2	295	7	1	14	807	1
2.953	1	2	296	4	1	14	807	0
2.953	1	2	296	4	1	14	807	1
2.961	1	2	297	2	1	24	1692	0
2.961	1	2	297	2	1	24	1692	1
2.962	1	2	297	3	1	24	1692	0
2.962	1	2	297	3	1	24	1692	1
2.964	1	2	297	5	1	24	1692	0
2.964	1	2	297	5	1	24	1692	1
2.977	1	2	298	8	1	24	1692	0
2.977	1	2	298	8	1	24	1692	1
2.978	1	2	298	9	1	24	1692	0
2.978	1	2	298	9	1	24	1692	1
2.992	1	2	300	3	1	24	1692	0
2.992	1	2	300	3	1	24	1692	1
2.993	1	2	300	4	1	24	1692	0
2.993	1	2	300	4	1	24	1692	1
2.994	1	2	300	5	1	24	1692	0
2.994	1	2	300	5	1	24	1692	1
3.008	1	2	301	9	1	20	1335	0
3.008	1	2	301	9	1	20	1335	1
3.009	1	2	301	10	1	20	1335	0
3.009	1	2	301	10	1	20	1335	1
3.023	1	2	303	4	1	20	1335	0
3.023	1	2	303	4	1	20	1335	1
3.024	1	2	303	5	1	20	1335	0
3.024	1	2	303	5	1	20	1335	1
3.026	1	2	303	7	1	20	1335	0
3.026	1	2	303	7	1	20	1335	1
3.04	1	2	305	1	1	20	1335	0
3.04	1	2	305	1	1	20	1335	1
3.041	1	2	305	2	1	24	1692	0
3.041	1	2	305	2	1	24	1692	1
3.056	1	2	306	7	1	24	1692	0
3.056	1	2	306	7	1	24	1692	1
3.057	1	2	306	8	1	24	1692	0
3.057	1	2	306	8	1	24	1692	1
3.071	1	2	308	2	1	24	1692	0
3.071	1	2	308	2	1	24	1692	1
3.072	1	2	308	3	1	24	1692	0
3.072	1	2	308	3	1	24	1692	1
3.073	1	2	308	4	1	24	1692	0
3.073	1	2	308	4	1	24	1692	1
3.086	1	2	309	7	1	20	1335	0
3.086	1	2	309	7	1	20	1335	1
3.087	1	2	309	8	1	20	1335	0
3.087	1	2	309	8	1	20	1335	1
3.101	1	2	311	2	1	20	1335	0
3.101	1	2	311	2	1	20	1335	1
3.102	1	2	311	3	1	20	1335	0
3.102	1	2	311	3	1	20	1335	1
3.117	1	2	312	8	1	20	1335	0
3.117	1	2	312	8	1	20	1335	1
3.135	1	2	314	6	1	24	1692	0
3.135	1	2	314	6	1	24	1692	1
3.151	1	2	316	2	1	24	1692	0
3.151	1	2	316	2	1	24	1692	1
3.166	1	2	317	7	1	10	549	0
3.166	1	2	317	7	1	10	549	1
3.167	1	2	317	8	1	10	549	0
3.167	1	2	317	8	1	10	549	1
3.168	1	2	317	9	1	10	549	0
3.168	1	2	317	9	1	10	549	1
3.182	1	2	319	3	1	10	549	0
3.182	1	2	319	3	1	10	549	1
3.183	1	2	319	4	1	10	549	0
3.183	1	2	319	4	1	10	549	1
3.197	1	2	320	8	1	10	549	0
3.197	1	2	320	8	1	10	549	1
3.198	1	2	320	9	1	10	549	0
3.198	1	2	320	9	1	10	549	1
3.206	1	7	321	7	2	24	1692	0
3.206	1	7	321	7	2	24	1692	1
3.218	1	2	322	9	1	8	437	0
3.218	1	2	322	9	1	8	437	1
3.233	1	2	324	4	1	8	437	0
3.233	1	2	324	4	1	8	437	1
3.234	1	2	324	5	1	8	437	0
3.234	1	2	324	5	1	8	437	1
3.249	1	2	325	10	1	20	1335	0
3.249	1	2	325	10	1	20	1335	1
3.265	1	2	327	6	1	20	1335	0
3.265	1	2	327	6	1	20	1335	1
3.266	1	2	327	7	1	20	1335	0
3.266	1	2	327	7	1	20	1335	1
3.281	1	2	329	2	1	10	549	0
3.281	1	2	329	2	1	10	549	1
3.282	1	2	329	3	1	10	549	0
3.282	1	2	329	3	1	10	549	1
3.297	1	2	330	8	1	10	549	0
3.297	1	2	330	8	1	10	549	1
3.298	1	2	330	9	1	10	549	0
3.298	1	2	330	9	1	10	549	1
3.312	1	2	332	3	1	10	549	0
3.312	1	2	332	3	1	10	549	1
3.313	1	2	332	4	1	10	549	0
3.313	1	2	332	4	1	10	549	1
3.314	1	2	332	5	1	10	549	0
3.314	1	2	332	5	1	10	549	1
3.328	1	2	333	9	1	28	2292	0
3.328	1	2	333	9	1	28	2292	1
3.329	1	2	333	10	1	28	2292	0
3.329	1	2	333	10	1	28	2292	1
3.344	1	2	335	5	1	28	2292	0
3.344	1	2	335	5	1	28	2292	1
3.345	1	2	335	6	1	28	2292	0
3.345	1	2	335	6	1	28	2292	1
3.359	1	2	336	10	1	28	2292	0
3.359	1	2	336	10	1	28	2292	1
3.36	1	2	337	1	1	28	2292	0
3.36	1	2	337	1	1	28	2292	1
3.379	1	2	338	10	1	20	1335	0
3.379	1	2	338	10	1	20	1335	1
3.394	1	2	340	5	1	20	1335	0
3.394	1	2	340	5	1	20	1335	1
3.395	1	2	340	6	1	20	1335	0
3.395	1	2	340	6	1	20	1335	1
3.409	1	2	341	10	1	22	1431	0
3.409	1	2	341	10	1	22	1431	1
3.41	1	2	342	1	1	22	1431	0
3.41	1	2	342	1	1	22	1431	1
3.425	1	2	343	6	1	22	1431	0
3.425	1	2	343	6	1	22	1431	1
3.426	1	2	343	7	1	22	1431	0
3.426	1	2	343	7	1	22	1431	1
3.44	1	2	345	1	1	22	1431	0
3.44	1	2	345	1	1	22	1431	1
3.441	1	2	345	2	1	14	807	0
3.441	1	2	345	2	1	14	807	1
3.456	1	2	346	7	1	14	807	0
3.456	1	2	346	7	1	14	807	1
3.457	1	2	346	8	1	14	807	0
3.457	1	2	346	8	1	14	807	1
3.472	1	2	348	3	1	14	807	0
3.472	1	2	348	3	1	14	807	1
3.473	1	2	348	4	1	14	807	0
3.473	1	2	348	4	1	14	807	1
3.487	1	2	349	8	1	22	1431	0
3.487	1	2	349	8	1	22	1431	1
3.488	1	2	349	9	1	22	1431	0
3.488	1	2	349	9	1	22	1431	1
3.504	1	2	351	5	1	22	1431	0
3.504	1	2	351	5	1	22	1431	1
3.519	1	2	352	10	1	22	1431	0
3.519	1	2	352	10	1	22	1431	1
3.52	1	2	353	1	1	22	1431	0
3.52	1	2	353	1	1	22	1431	1
3.521	1	2	353	2	1	16	967	0
3.521	1	2	353	2	1	16	967	1
3.534	1	2	354	5	1	16	967	0
3.534	1	2	354	5	1	16	967	1
3.535	1	2	354	6	1	16	967	0
3.535	1	2	354	6	1	16	967	1
3.536	1	2	354	7	1	16	967	0
3.536	1	2	354	7	1	16	967	1
3.544	1	2	355	5	1	16	967	0
3.544	1	2	355	5	1	16	967	1
3.551	1	2	356	2	1	16	967	0
3.551	1	2	356	2	1	16	967	1
3.559	1	2	356	10	1	16	967	0
3.559	1	2	356	10	1	16	967	1
3.562	1	2	357	3	1	16	967	0
3.562	1	2	357	3	1	16	967	1
3.563	1	2	357	4	1	16	967	0
3.563	1	2	357	4	1	16	967	1
3.564	1	2	357	5	1	16	967	0
3.564	1	2	357	5	1	16	967	1
3.574	1	2	358	5	1	16	967	0
3.574	1	2	358	5	1	16	967	1
3.575	1	2	358	6	1	16	967	0
3.575	1	2	358	6	1	16	967	1
3.591	1	2	360	2	1	16	967	0
3.591	1	2	360	2	1	16	967	1
3.592	1	2	360	3	1	16	967	0
3.592	1	2	360	3	1	16	967	1
3.607	1	2	361	8	1	24	1692	0
3.607	1	2	361	8	1	24	1692	1
3.608	1	2	361	9	1	24	1692	0
3.608	1	2	361	9	1	24	1692	1
3.622	1	2	363	3	1	24	1692	0
3.622	1	2	363	3	1	24	1692	1
3.623	1	2	363	4	1	24	1692	0
3.623	1	2	363	4	1	24	1692	1
3.638	1	2	364	9	1	24	1692	0
3.638	1	2	364	9	1	24	1692	1
3.639	1	2	364	10	1	24	1692	0
3.639	1	2	364	10	1	24	1692	1
3.653	1	2	366	4	1	22	1431	0
3.653	1	2	366	4	1	22	1431	1
3.655	1	2	366	6	1	22	1431	0
3.655	1	2	366	6	1	22	1431	1
3.656	1	2	366	7	1	22	1431	0
3.656	1	2	366	7	1	22	1431	1
3.669	1	2	367	10	1	22	1431	0
3.669	1	2	367	10	1	22	1431	1
3.67	1	2	368	1	1	22	1431	0
3.67	1	2	368	1	1	22	1431	1
3.685	1	2	369	6	1	20	1335	0
3.685	1	2	369	6	1	20	1335	1
3.686	1	2	369	7	1	20	1335	0
3.686	1	2	369	7	1	20	1335	1
3.687	1	2	369	8	1	20	1335	0
3.687	1	2	369	8	1	20	1335	1
3.702	1	2	371	3	1	20	1335	0
3.702	1	2	371	3	1	20	1335	1
3.703	1	2	371	4	1	20	1335	0
3.703	1	2	371	4	1	20	1335	1
3.708	1	9	371	9	10	20	1335	0
3.708	1	9	371	9	10	20	1335	1
3.717	1	2	372	8	1	20	1335	0
3.717	1	2	372	8	1	20	1335	1
3.718	1	2	372	9	1	20	1335	0
3.718	1	2	372	9	1	20	1335	1
3.733	1	2	374	4	1	16	967	0
3.733	1	2	374	4	1	16	967	1
3.748	1	2	375	9	1	16	967	0
3.748	1	2	375	9	1	16	967	1
3.749	1	2	375	10	1	16	967	0
3.749	1	2	375	10	1	16	967	1
3.764	1	2	377	5	1	22	1431	0
3.764	1	2	377	5	1	22	1431	1
3.787	1	2	379	8	1	22	1431	0
3.787	1	2	379	8	1	22	1431	1
3.803	1	2	381	4	1	20	1335	0
3.803	1	2	381	4	1	20	1335	1
3.804	1	2	381	5	1	20	1335	0
3.804	1	2	381	5	1	20	1335	1
3.819	1	2	382	10	1	20	1335	0
3.819	1	2	382	10	1	20	1335	1
3.82	1	2	383	1	1	20	1335	0
3.82	1	2	383	1	1	20	1335	1
3.838	1	2	384	9	1	20	1335	0
3.838	1	2	384	9	1	20	1335	1
3.844	1	2	385	5	1	18	1143	0
3.844	1	2	385	5	1	18	1143	1
3.854	1	2	386	5	1	18	1143	0
3.854	1	2	386	5	1	18	1143	1
3.855	1	2	386	6	1	18	1143	0
3.855	1	2	386	6	1	18	1143	1
3.869	1	2	387	10	1	18	1143	0
3.869	1	2	387	10	1	18	1143	1
3.87	1	2	388	1	1	18	1143	0
3.87	1	2	388	1	1	18	1143	1
3.871	1	2	388	2	1	18	1143	0
3.871	1	2	388	2	1	18	1143	1
3.872	1	2	388	3	1	18	1143	0
3.872	1	2	388	3	1	18	1143	1
3.886	1	2	389	7	1	6	325	0
3.886	1	2	389	7	1	6	325	1
3.887	1	2	389	8	1	6	325	0
3.887	1	2	389	8	1	6	325	1
3.901	1	2	391	2	1	6	325	0
3.901	1	2	391	2	1	6	325	1
3.902	1	2	391	3	1	6	325	0
3.902	1	2	391	3	1	6	325	1
3.916	1	2	392	7	1	6	325	0
3.916	1	2	392	7	1	6	325	1
3.917	1	2	392	8	1	6	325	0
3.917	1	2	392	8	1	6	325	1
3.918	1	2	392	9	1	6	325	0
3.918	1	2	392	9	1	6	325	1
3.932	1	2	394	3	1	18	1143	0
3.932	1	2	394	3	1	18	1143	1
3.933	1	2	394	4	1	18	1143	0
3.933	1	2	394	4	1	18	1143	1
3.948	1	2	395	9	1	18	1143	0
3.948	1	2	395	9	1	18	1143	1
3.949	1	2	395	10	1	18	1143	0
3.949	1	2	395	10	1	18	1143	1
3.963	1	2	397	4	1	10	549	0
3.963	1	2	397	4	1	10	549	1
3.964	1	2	397	5	1	10	549	0
3.964	1	2	397	5	1	10	549	1
3.98	1	2	399	1	1	10	549	0
3.98	1	2	399	1	1	10	549	1
3.995	1	2	400	6	1	10	549	0
3.995	1	2	400	6	1	10	549	1
4.004	1	2	401	5	1	18	1143	0
4.004	1	2	401	5	1	18	1143	1
4.01	1	2	402	1	1	18	1143	0
4.01	1	2	402	1	1	18	1143	1
4.011	1	2	402	2	1	18	1143	0
4.011	1	2	402	2	1	18	1143	1
4.02	1	2	403	1	1	18	1143	0
4.02	1	2	403	1	1	18	1143	1
4.021	1	2	403	2	1	18	1143	0
4.021	1	2	403	2	1	18	1143	1
4.022	1	2	403	3	1	18	1143	0
4.022	1	2	403	3	1	18	1143	1
4.036	1	2	404	7	1	18	1143	0
4.036	1	2	404	7	1	18	1143	1
4.051	1	2	406	2	1	16	967	0
4.051	1	2	406	2	1	16	967	1
4.052	1	2	406	3	1	16	967	0
4.052	1	2	406	3	1	16	967	1
4.053	1	2	406	4	1	16	967	0
4.053	1	2	406	4	1	16	967	1
4.066	1	2	407	7	1	16	967	0
4.066	1	2	407	7	1	16	967	1
4.067	1	2	407	8	1	16	967	0
4.067	1	2	407	8	1	16	967	1
4.068	1	2	407	9	1	16	967	0
4.068	1	2	407	9	1	16	967	1
4.083	1	2	409	4	1	14	807	0
4.083	1	2	409	4	1	14	807	1
4.098	1	2	410	9	1	14	807	0
4.098	1	2	410	9	1	14	807	1
4.099	1	2	410	10	1	14	807	0
4.099	1	2	410	10	1	14	807	1
4.113	1	2	412	4	1	14	807	0
4.113	1	2	412	4	1	14	807	1
4.114	1	2	412	5	1	14	807	0
4.114	1	2	412	5	1	14	807	1
4.129	1	2	413	10	1	28	2292	0
4.129	1	2	413	10	1	28	2292	1
4.13	1	2	414	1	1	28	2292	0
4.13	1	2	414	1	1	28	2292	1
4.131	1	2	414	2	1	28	2292	0
4.131	1	2	414	2	1	28	2292	1
4.145	1	2	415	6	1	28	2292	0
4.145	1	2	415	6	1	28	2292	1
4.146	1	2	415	7	1	28	2292	0
4.146	1	2	415	7	1	28	2292	1
4.16	1	2	417	1	1	28	2292	0
4.16	1	2	417	1	1	28	2292	1
4.161	1	2	417	2	1	18	1143	0
4.161	1	2	417	2	1	18	1143	1
4.162	1	2	417	3	1	18	1143	0
4.162	1	2	417	3	1	18	1143	1
4.176	1	2	418	7	1	18	1143	0
4.176	1	2	418	7	1	18	1143	1
4.177	1	2	418	8	1	18	1143	0
4.177	1	2	418	8	1	18	1143	1
4.178	1	2	418	9	1	18	1143	0
4.178	1	2	418	9	1	18	1143	1
4.192	1	2	420	3	1	18	1143	0
4.192	1	2	420	3	1	18	1143	1
4.193	1	2	420	4	1	18	1143	0
4.193	1	2	420	4	1	18	1143	1
4.194	1	2	420	5	1	18	1143	0
4.194	1	2	420	5	1	18	1143	1
4.207	1	2	421	8	1	18	1143	0
4.207	1	2	421	8	1	18	1143	1
4.208	1	2	421	9	1	18	1143	0
4.208	1	2	421	9	1	18	1143	1
4.223	1	2	423	4	1	18	1143	0
4.223	1	2	423	4	1	18	1143	1
4.224	1	2	423	5	1	18	1143	0
4.224	1	2	423	5	1	18	1143	1
4.239	1	2	424	10	1	18	1143	0
4.239	1	2	424	10	1	18	1143	1
4.24	1	2	425	1	1	18	1143	0
4.24	1	2	425	1	1	18	1143	1
4.255	1	2	426	6	1	14	807	0
4.255	1	2	426	6	1	14	807	1
4.256	1	2	426	7	1	14	807	0
4.256	1	2	426	7	1	14	807	1
4.271	1	2	428	2	1	14	807	0
4.271	1	2	428	2	1	14	807	1
4.286	1	2	429	7	1	26	1908	0
4.286	1	2	429	7	1	26	1908	1
4.287	1	2	429	8	1	26	1908	0
4.287	1	2	429	8	1	26	1908	1
4.301	1	2	431	2	1	26	1908	0
4.301	1	2	431	2	1	26	1908	1
4.303	1	2	431	4	1	26	1908	0
4.303	1	2	431	4	1	26	1908	1
4.317	1	2	432	8	1	26	1908	0
4.317	1	2	432	8	1	26	1908	1
4.318	1	2	432	9	1	26	1908	0
4.318	1	2	432	9	1	26	1908	1
4.333	1	2	434	4	1	12	621	0
4.333	1	2	434	4	1	12	621	1
4.334	1	2	434	5	1	12	621	0
4.334	1	2	434	5	1	12	621	1
4.349	1	2	435	10	1	12	621	0
4.349	1	2	435	10	1	12	621	1
4.35	1	2	436	1	1	12	621	0
4.35	1	2	436	1	1	12	621	1
4.364	1	2	437	5	1	18	1143	0
4.364	1	2	437	5	1	18	1143	1
4.365	1	2	437	6	1	18	1143	0
4.365	1	2	437	6	1	18	1143	1
4.382	1	2	439	3	1	18	1143	0
4.382	1	2	439	3	1	18	1143	1
4.397	1	2	440	8	1	18	1143	0
4.397	1	2	440	8	1	18	1143	1
4.398	1	2	440	9	1	18	1143	0
4.398	1	2	440	9	1	18	1143	1
4.413	1	2	442	4	1	14	807	0
4.413	1	2	442	4	1	14	807	1
4.415	1	2	442	6	1	14	807	0
4.415	1	2	442	6	1	14	807	1
4.429	1	2	443	10	1	14	807	0
4.429	1	2	443	10	1	14	807	1
4.445	1	2	445	6	1	12	621	0
4.445	1	2	445	6	1	12	621	1
4.461	1	2	447	2	1	12	621	0
4.461	1	2	447	2	1	12	621	1
4.462	1	2	447	3	1	12	621	0
4.462	1	2	447	3	1	12	621	1
4.476	1	2	448	7	1	12	621	0
4.476	1	2	448	7	1	12	621	1
4.477	1	2	448	8	1	12	621	0
4.477	1	2	448	8	1	12	621	1
4.478	1	2	448	9	1	12	621	0
4.478	1	2	448	9	1	12	621	1
4.492	1	2	450	3	1	28	2292	0
4.492	1	2	450	3	1	28	2292	1
4.508	1	2	451	9	1	28	2292	0
4.508	1	2	451	9	1	28	2292	1
4.509	1	2	451	10	1	28	2292	0
4.509	1	2	451	10	1	28	2292	1
4.526	1	2	453	7	1	14	807	0
4.526	1	2	453	7	1	14	807	1
4.542	1	2	455	3	1	14	807	0
4.542	1	2	455	3	1	14	807	1
4.544	1	2	455	5	1	14	807	0
4.544	1	2	455	5	1	14	807	1
4.558	1	2	456	9	1	14	807	0
4.558	1	2	456	9	1	14	807	1
4.559	1	2	456	10	1	14	807	0
4.559	1	2	456	10	1	14	807	1
4.573	1	2	458	4	1	24	1692	0
4.573	1	2	458	4	1	24	1692	1
4.574	1	2	458	5	1	24	1692	0
4.574	1	2	458	5	1	24	1692	1
4.588	1	2	459	9	1	24	1692	0
4.588	1	2	459	9	1	24	1692	1
4.589	1	2	459	10	1	24	1692	0
4.589	1	2	459	10	1	24	1692	1
4.604	1	2	461	5	1	12	621	0
4.604	1	2	461	5	1	12	621	1
4.605	1	2	461	6	1	12	621	0
4.605	1	2	461	6	1	12	621	1
4.62	1	2	463	1	1	12	621	0
4.62	1	2	463	1	1	12	621	1
4.628	1	2	463	9	1	12	621	0
4.628	1	2	463	9	1	12	621	1
4.635	1	2	464	6	1	12	621	0
4.635	1	2	464	6	1	12	621	1
4.636	1	2	464	7	1	12	621	0
4.636	1	2	464	7	1	12	621	1
4.643	1	2	465	4	1	14	807	0
4.643	1	2	465	4	1	14	807	1
4.644	1	2	465	5	1	14	807	0
4.644	1	2	465	5	1	14	807	1
4.645	1	2	465	6	1	14	807	0
4.645	1	2	465	6	1	14	807	1
4.65	1	2	466	1	1	14	807	0
4.65	1	2	466	1	1	14	807	1
4.658	1	2	466	9	1	14	807	0
4.658	1	2	466	9	1	14	807	1
4.659	1	2	466	10	1	14	807	0
4.659	1	2	466	10	1	14	807	1
4.66	1	2	467	1	1	14	807	0
4.66	1	2	467	1	1	14	807	1
4.675	1	2	468	6	1	14	807	0
4.675	1	2	468	6	1	14	807	1
4.69	1	2	470	1	1	28	2292	0
4.69	1	2	470	1	1	28	2292	1
4.691	1	2	470	2	1	28	2292	0
4.691	1	2	470	2	1	28	2292	1
4.711	1	2	472	2	1	28	2292	0
4.711	1	2	472	2	1	28	2292	1
4.727	1	2	473	8	1	20	1335	0
4.727	1	2	473	8	1	20	1335	1
4.742	1	2	475	3	1	20	1335	0
4.742	1	2	475	3	1	20	1335	1
4.743	1	2	475	4	1	20	1335	0
4.743	1	2	475	4	1	20	1335	1
4.757	1	2	476	8	1	20	1335	0
4.757	1	2	476	8	1	20	1335	1
4.758	1	2	476	9	1	20	1335	0
4.758	1	2	476	9	1	20	1335	1
4.759	1	2	476	10	1	20	1335	0
4.759	1	2	476	10	1	20	1335	1
4.774	1	2	478	5	1	22	1431	0
4.774	1	2	478	5	1	22	1431	1
4.775	1	2	478	6	1	22	1431	0
4.775	1	2	478	6	1	22	1431	1
4.789	1	2	479	10	1	22	1431	0
4.789	1	2	479	10	1	22	1431	1
4.79	1	2	480	1	1	22	1431	0
4.79	1	2	480	1	1	22	1431	1
4.791	1	2	480	2	1	22	1431	0
4.791	1	2	480	2	1	22	1431	1
4.805	1	2	481	6	1	28	2292	0
4.805	1	2	481	6	1	28	2292	1
4.806	1	2	481	7	1	28	2292	0
4.806	1	2	481	7	1	28	2292	1
4.82	1	2	483	1	1	28	2292	0
4.82	1	2	483	1	1	28	2292	1
4.821	1	2	483	2	1	28	2292	0
4.821	1	2	483	2	1	28	2292	1
4.836	1	2	484	7	1	28	2292	0
4.836	1	2	484	7	1	28	2292	1
4.837	1	2	484	8	1	28	2292	0
4.837	1	2	484	8	1	28	2292	1
4.838	1	2	484	9	1	28	2292	0
4.838	1	2	484	9	1	28	2292	1
4.852	1	2	486	3	1	10	549	0
4.852	1	2	486	3	1	10	549	1
4.853	1	2	486	4	1	10	549	0
4.853	1	2	486	4	1	10	549	1
4.868	1	2	487	9	1	10	549	0
4.868	1	2	487	9	1	10	549	1
4.884	1	2	489	5	1	18	1143	0
4.884	1	2	489	5	1	18	1143	1
4.885	1	2	489	6	1	18	1143	0
4.885	1	2	489	6	1	18	1143	1
4.9	1	2	491	1	1	18	1143	0
4.9	1	2	491	1	1	18	1143	1
4.901	1	2	491	2	1	18	1143	0
4.901	1	2	491	2	1	18	1143	1
4.916	1	2	492	7	1	18	1143	0
4.916	1	2	492	7	1	18	1143	1
4.918	1	2	492	9	1	18	1143	0
4.918	1	2	492	9	1	18	1143	1
4.932	1	2	494	3	1	10	549	0
4.932	1	2	494	3	1	10	549	1
4.933	1	2	494	4	1	10	549	0
4.933	1	2	494	4	1	10	549	1
4.934	1	2	494	5	1	10	549	0
4.934	1	2	494	5	1	10	549	1
4.948	1	2	495	9	1	10	549	0
4.948	1	2	495	9	1	10	549	1
4.949	1	2	495	10	1	10	549	0
4.949	1	2	495	10	1	10	549	1
4.964	1	2	497	5	1	28	2292	0
4.964	1	2	497	5	1	28	2292	1
4.965	1	2	497	6	1	28	2292	0
4.965	1	2	497	6	1	28	2292	1
4.966	1	2	497	7	1	28	2292	0
4.966	1	2	497	7	1	28	2292	1
4.979	1	2	498	10	1	28	2292	0
4.979	1	2	498	10	1	28	2292	1
4.98	1	2	499	1	1	28	2292	0
4.98	1	2	499	1	1	28	2292	1
4.994	1	2	500	5	1	28	2292	0
4.994	1	2	500	5	1	28	2292	1
4.995	1	2	500	6	1	28	2292	0
4.995	1	2	500	6	1	28	2292	1
4.996	1	2	500	7	1	28	2292	0
4.996	1	2	500	7	1	28	2292	1
5.01	1	2	502	1	1	22	1431	0
5.01	1	2	502	1	1	22	1431	1
5.011	1	2	502	2	1	22	1431	0
5.011	1	2	502	2	1	22	1431	1
5.019	1	2	502	10	1	22	1431	0
5.019	1	2	502	10	1	22	1431	1
5.026	1	2	503	7	1	22	1431	0
5.026	1	2	503	7	1	22	1431	1
5.034	1	2	504	5	1	22	1431	0
5.034	1	2	504	5	1	22	1431	1
5.035	1	2	504	6	1	22	1431	0
5.035	1	2	504	6	1	22	1431	1
5.05	1	2	506	1	1	16	967	0
5.05	1	2	506	1	1	16	967	1
5.051	1	2	506	2	1	16	967	0
5.051	1	2	506	2	1	16	967	1
5.066	1	2	507	7	1	16	967	0
5.066	1	2	507	7	1	16	967	1
5.068	1	2	507	9	1	16	967	0
5.068	1	2	507	9	1	16	967	1
5.082	1	2	509	3	1	20	1335	0
5.082	1	2	509	3	1	20	1335	1
5.097	1	2	510	8	1	20	1335	0
5.097	1	2	510	8	1	20	1335	1
5.098	1	2	510	9	1	20	1335	0
5.098	1	2	510	9	1	20	1335	1
5.099	1	2	510	10	1	20	1335	0
5.099	1	2	510	10	1	20	1335	1
5.114	1	2	512	5	1	20	1335	0
5.114	1	2	512	5	1	20	1335	1
5.115	1	2	512	6	1	20	1335	0
5.115	1	2	512	6	1	20	1335	1
5.13	1	2	514	1	1	20	1335	0
5.13	1	2	514	1	1	20	1335	1
5.131	1	2	514	2	1	20	1335	0
5.131	1	2	514	2	1	20	1335	1
5.132	1	2	514	3	1	20	1335	0
5.132	1	2	514	3	1	20	1335	1
5.146	1	2	515	7	1	20	1335	0
5.146	1	2	515	7	1	20	1335	1
5.147	1	2	515	8	1	20	1335	0
5.147	1	2	515	8	1	20	1335	1
5.162	1	2	517	3	1	28	2292	0
5.162	1	2	517	3	1	28	2292	1
5.177	1	2	518	8	1	28	2292	0
5.177	1	2	518	8	1	28	2292	1
5.178	1	2	518	9	1	28	2292	0
5.178	1	2	518	9	1	28	2292	1
5.193	1	2	520	4	1	28	2292	0
5.193	1	2	520	4	1	28	2292	1
5.194	1	2	520	5	1	28	2292	0
5.194	1	2	520	5	1	28	2292	1
5.209	1	2	521	10	1	14	807	0
5.209	1	2	521	10	1	14	807	1
5.211	1	2	522	2	1	14	807	0
5.211	1	2	522	2	1	14	807	1
5.212	1	2	522	3	1	14	807	0
5.212	1	2	522	3	1	14	807	1
5.225	1	2	523	6	1	14	807	0
5.225	1	2	523	6	1	14	807	1
5.226	1	2	523	7	1	14	807	0
5.226	1	2	523	7	1	14	807	1
5.24	1	2	525	1	1	14	807	0
5.24	1	2	525	1	1	14	807	1
5.241	1	2	525	2	1	24	1692	0
5.241	1	2	525	2	1	24	1692	1
5.242	1	2	525	3	1	24	1692	0
5.242	1	2	525	3	1	24	1692	1
5.263	1	2	527	4	1	24	1692	0
5.263	1	2	527	4	1	24	1692	1
5.278	1	2	528	9	1	24	1692	0
5.278	1	2	528	9	1	24	1692	1
5.279	1	2	528	10	1	24	1692	0
5.279	1	2	528	10	1	24	1692	1
5.294	1	2	530	5	1	22	1431	0
5.294	1	2	530	5	1	22	1431	1
5.31	1	2	532	1	1	22	1431	0
5.31	1	2	532	1	1	22	1431	1
5.311	1	2	532	2	1	22	1431	0
5.311	1	2	532	2	1	22	1431	1
5.325	1	2	533	6	1	26	1908	0
5.325	1	2	533	6	1	26	1908	1
5.326	1	2	533	7	1	26	1908	0
5.326	1	2	533	7	1	26	1908	1
5.341	1	2	535	2	1	26	1908	0
5.341	1	2	535	2	1	26	1908	1
5.342	1	2	535	3	1	26	1908	0
5.342	1	2	535	3	1	26	1908	1
5.357	1	2	536	8	1	26	1908	0
5.357	1	2	536	8	1	26	1908	1
5.359	1	2	536	10	1	26	1908	0
5.359	1	2	536	10	1	26	1908	1
5.372	1	2	538	3	1	26	1908	0
5.372	1	2	538	3	1	26	1908	1
5.374	1	2	538	5	1	26	1908	0
5.374	1	2	538	5	1	26	1908	1
5.387	1	2	539	8	1	26	1908	0
5.387	1	2	539	8	1	26	1908	1
5.388	1	2	539	9	1	26	1908	0
5.388	1	2	539	9	1	26	1908	1
5.389	1	2	539	10	1	26	1908	0
5.389	1	2	539	10	1	26	1908	1
5.404	1	2	541	5	1	10	549	0
5.404	1	2	541	5	1	10	549	1
5.419	1	2	542	10	1	10	549	0
5.419	1	2	542	10	1	10	549	1
5.42	1	2	543	1	1	10	549	0
5.42	1	2	543	1	1	10	549	1
5.435	1	2	544	6	1	10	549	0
5.435	1	2	544	6	1	10	549	1
5.436	1	2	544	7	1	10	549	0
5.436	1	2	544	7	1	10	549	1
5.45	1	2	546	1	1	28	2292	0
5.45	1	2	546	1	1	28	2292	1
5.451	1	2	546	2	1	28	2292	0
5.451	1	2	546	2	1	28	2292	1
5.465	1	2	547	6	1	28	2292	0
5.465	1	2	547	6	1	28	2292	1
5.466	1	2	547	7	1	28	2292	0
5.466	1	2	547	7	1	28	2292	1
5.481	1	2	549	2	1	4	225	0
5.481	1	2	549	2	1	4	225	1
5.489	1	2	549	10	1	4	225	0
5.489	1	2	549	10	1	4	225	1
5.497	1	2	550	8	1	4	225	0
5.497	1	2	550	8	1	4	225	1
5.505	1	2	551	6	1	4	225	0
5.505	1	2	551	6	1	4	225	1
5.512	1	2	552	3	1	4	225	0
5.512	1	2	552	3	1	4	225	1
5.522	1	2	553	3	1	12	621	0
5.522	1	2	553	3	1	12	621	1
5.523	1	2	553	4	1	12	621	0
5.523	1	2	553	4	1	12	621	1
5.537	1	2	554	8	1	12	621	0
5.537	1	2	554	8	1	12	621	1
5.538	1	2	554	9	1	12	621	0
5.538	1	2	554	9	1	12	621	1
5.553	1	2	556	4	1	12	621	0
5.553	1	2	556	4	1	12	621	1
5.554	1	2	556	5	1	12	621	0
5.554	1	2	556	5	1	12	621	1
5.568	1	2	557	9	1	20	1335	0
5.568	1	2	557	9	1	20	1335	1
5.569	1	2	557	10	1	20	1335	0
5.569	1	2	557	10	1	20	1335	1
5.57	1	2	558	1	1	20	1335	0
5.57	1	2	558	1	1	20	1335	1
5.584	1	2	559	5	1	20	1335	0
5.584	1	2	559	5	1	20	1335	1
5.585	1	2	559	6	1	20	1335	0
5.585	1	2	559	6	1	20	1335	1
5.599	1	2	560	10	1	20	1335	0
5.599	1	2	560	10	1	20	1335	1
5.6	1	2	561	1	1	20	1335	0
5.6	1	2	561	1	1	20	1335	1
5.601	1	2	561	2	1	28	2292	0
5.601	1	2	561	2	1	28	2292	1
5.615	1	2	562	6	1	28	2292	0
5.615	1	2	562	6	1	28	2292	1
5.616	1	2	562	7	1	28	2292	0
5.616	1	2	562	7	1	28	2292	1
5.63	1	2	564	1	1	28	2292	0
5.63	1	2	564	1	1	28	2292	1
5.631	1	2	564	2	1	28	2292	0
5.631	1	2	564	2	1	28	2292	1
5.645	1	2	565	6	1	22	1431	0
5.645	1	2	565	6	1	22	1431	1
5.647	1	2	565	8	1	22	1431	0
5.647	1	2	565	8	1	22	1431	1
5.661	1	2	567	2	1	22	1431	0
5.661	1	2	567	2	1	22	1431	1
5.662	1	2	567	3	1	22	1431	0
5.662	1	2	567	3	1	22	1431	1
5.681	1	2	569	2	1	26	1908	0
5.681	1	2	569	2	1	26	1908	1
5.697	1	2	570	8	1	26	1908	0
5.697	1	2	570	8	1	26	1908	1
5.699	1	2	570	10	1	26	1908	0
5.699	1	2	570	10	1	26	1908	1
5.713	1	2	572	4	1	26	1908	0
5.713	1	2	572	4	1	26	1908	1
5.714	1	2	572	5	1	26	1908	0
5.714	1	2	572	5	1	26	1908	1
5.731	1	2	574	2	1	14	807	0
5.731	1	2	574	2	1	14	807	1
5.732	1	2	574	3	1	14	807	0
5.732	1	2	574	3	1	14	807	1
5.746	1	2	575	7	1	14	807	0
5.746	1	2	575	7	1	14	807	1
5.747	1	2	575	8	1	14	807	0
5.747	1	2	575	8	1	14	807	1
5.761	1	2	577	2	1	20	1335	0
5.761	1	2	577	2	1	20	1335	1
5.762	1	2	577	3	1	20	1335	0
5.762	1	2	577	3	1	20	1335	1
5.784	1	2	579	5	1	20	1335	0
5.784	1	2	579	5	1	20	1335	1
5.8	1	2	581	1	1	20	1335	0
5.8	1	2	581	1	1	20	1335	1
5.841	1	2	585	2	1	24	1692	0
5.841	1	2	585	2	1	24	1692	1
5.857	1	2	586	8	1	24	1692	0
5.857	1	2	586	8	1	24	1692	1
5.858	1	2	586	9	1	24	1692	0
5.858	1	2	586	9	1	24	1692	1
5.873	1	2	588	4	1	24	1692	0
5.873	1	2	588	4	1	24	1692	1
5.875	1	2	588	6	1	24	1692	0
5.875	1	2	588	6	1	24	1692	1
5.889	1	2	589	10	1	26	1908	0
5.889	1	2	589	10	1	26	1908	1
5.89	1	2	590	1	1	26	1908	0
5.89	1	2	590	1	1	26	1908	1
5.891	1	2	590	2	1	26	1908	0
5.891	1	2	590	2	1	26	1908	1
5.905	1	2	591	6	1	26	1908	0
5.905	1	2	591	6	1	26	1908	1
5.906	1	5	591	7	11	24	807	0
5.906	1	2	591	7	1	28	1095	0
5.906	1	5	591	7	11	24	807	1
5.906	1	2	591	7	1	28	1095	1
5.921	1	2	593	2	1	10	549	0
5.921	1	2	593	2	1	10	549	1
5.922	1	2	593	3	1	10	549	0
5.922	1	2	593	3	1	10	549	1
5.936	1	2	594	7	1	10	549	0
5.936	1	2	594	7	1	10	549	1
5.937	1	2	594	8	1	10	549	0
5.937	1	2	594	8	1	10	549	1
5.938	1	2	594	9	1	10	549	0
5.938	1	2	594	9	1	10	549	1
5.951	1	2	596	2	1	10	549	0
5.951	1	2	596	2	1	10	549	1
5.952	1	2	596	3	1	10	549	0
5.952	1	2	596	3	1	10	549	1
5.967	1	2	597	8	1	18	1143	0
5.967	1	2	597	8	1	18	1143	1
5.968	1	2	597	9	1	18	1143	0
5.968	1	2	597	9	1	18	1143	1
5.983	1	2	599	4	1	18	1143	0
5.983	1	2	599	4	1	18	1143	1
5.984	1	2	599	5	1	18	1143	0
5.984	1	2	599	5	1	18	1143	1
5.998	1	2	600	9	1	18	1143	0
5.998	1	2	600	9	1	18	1143	1
5.999	1	2	600	10	1	18	1143	0
5.999	1	2	600	10	1	18	1143	1
6.014	1	2	602	5	1	16	967	0
6.014	1	2	602	5	1	16	967	1
6.016	1	2	602	7	1	16	967	0
6.016	1	2	602	7	1	16	967	1
6.03	1	2	604	1	1	16	967	0
6.03	1	2	604	1	1	16	967	1
6.032	1	2	604	3	1	16	967	0
6.032	1	2	604	3	1	16	967	1
6.046	1	2	605	7	1	24	1692	0
6.046	1	2	605	7	1	24	1692	1
6.047	1	2	605	8	1	24	1692	0
6.047	1	2	605	8	1	24	1692	1
6.048	1	2	605	9	1	24	1692	0
6.048	1	2	605	9	1	24	1692	1
6.062	1	2	607	3	1	24	1692	0
6.062	1	2	607	3	1	24	1692	1
6.063	1	2	607	4	1	24	1692	0
6.063	1	2	607	4	1	24	1692	1
6.077	1	2	608	8	1	24	1692	0
6.077	1	2	608	8	1	24	1692	1
6.078	1	2	608	9	1	24	1692	0
6.078	1	2	608	9	1	24	1692	1
6.092	1	2	610	3	1	22	1431	0
6.092	1	2	610	3	1	22	1431	1
6.093	1	2	610	4	1	22	1431	0
6.093	1	2	610	4	1	22	1431	1
6.11	1	2	612	1	1	22	1431	0
6.11	1	2	612	1	1	22	1431	1
6.126	1	2	613	7	1	22	1431	0
6.126	1	2	613	7	1	22	1431	1
6.142	1	2	615	3	1	22	1431	0
6.142	1	2	615	3	1	22	1431	1
6.143	1	2	615	4	1	22	1431	0
6.143	1	2	615	4	1	22	1431	1
6.158	1	2	616	9	1	22	1431	0
6.158	1	2	616	9	1	22	1431	1
6.173	1	2	618	4	1	20	1335	0
6.173	1	2	618	4	1	20	1335	1
6.174	1	2	618	5	1	20	1335	0
6.174	1	2	618	5	1	20	1335	1
6.188	1	2	619	9	1	20	1335	0
6.188	1	2	619	9	1	20	1335	1
6.189	1	2	619	10	1	20	1335	0
6.189	1	2	619	10	1	20	1335	1
6.19	1	2	620	1	1	20	1335	0
6.19	1	2	620	1	1	20	1335	1
6.204	1	2	621	5	1	28	2292	0
6.204	1	2	621	5	1	28	2292	1
6.205	1	2	621	6	1	28	2292	0
6.205	1	2	621	6	1	28	2292	1
6.207	1	2	621	8	1	28	2292	0
6.207	1	2	621	8	1	28	2292	1
6.22	1	2	623	1	1	28	2292	0
6.22	1	2	623	1	1	28	2292	1
6.23	1	7	624	1	2	26	1908	0
6.23	1	7	624	1	2	26	1908	1
6.236	1	2	624	7	1	28	2292	0
6.236	1	2	624	7	1	28	2292	1
6.237	1	2	624	8	1	28	2292	0
6.237	1	2	624	8	1	28	2292	1
6.25	1	7	626	1	2	20	1335	0
6.25	1	7	626	1	2	20	1335	1
6.251	1	7	626	2	2	20	1335	0
6.251	1	7	626	2	2	20	1335	1
6.252	1	2	626	3	1	14	807	0
6.252	1	2	626	3	1	14	807	1
6.253	1	2	626	4	1	14	807	0
6.253	1	2	626	4	1	14	807	1
6.268	1	2	627	9	1	14	807	0
6.268	1	2	627	9	1	14	807	1
6.269	1	2	627	10	1	14	807	0
6.269	1	2	627	10	1	14	807	1
6.274	1	7	628	5	2	20	1335	0
6.274	1	7	628	5	2	20	1335	1
6.283	1	2	629	4	1	22	1431	0
6.283	1	2	629	4	1	22	1431	1
6.284	1	2	629	5	1	22	1431	0
6.284	1	2	629	5	1	22	1431	1
6.293	1	7	630	4	2	28	2292	0
6.293	1	7	630	4	2	28	2292	1
6.295	1	7	630	6	2	28	2292	0
6.295	1	7	630	6	2	28	2292	1
6.299	1	2	630	10	1	22	1431	0
6.299	1	2	630	10	1	22	1431	1
6.3	1	2	631	1	1	22	1431	0
6.3	1	2	631	1	1	22	1431	1
6.313	1	7	632	4	2	28	2292	0
6.313	1	7	632	4	2	28	2292	1
6.314	1	2	632	5	1	22	1431	0
6.314	1	2	632	5	1	22	1431	1
6.315	1	7	632	6	2	28	1095	0
6.315	1	2	632	6	1	22	693	0
6.315	1	7	632	6	2	28	1095	1
6.315	1	2	632	6	1	22	693	1
6.317	1	2	632	8	1	22	1431	0
6.317	1	2	632	8	1	22	1431	1
6.331	1	2	634	2	1	18	1143	0
6.331	1	2	634	2	1	18	1143	1
6.332	1	2	634	3	1	18	1143	0
6.332	1	2	634	3	1	18	1143	1
6.347	1	2	635	8	1	18	1143	0
6.347	1	2	635	8	1	18	1143	1
6.349	1	2	635	10	1	18	1143	0
6.349	1	2	635	10	1	18	1143	1
6.35	1	2	636	1	1	18	1143	0
6.35	1	2	636	1	1	18	1143	1
6.351	1	2	636	2	1	18	1143	0
6.351	1	2	636	2	1	18	1143	1
6.362	1	2	637	3	1	16	967	0
6.362	1	2	637	3	1	16	967	1
6.363	1	2	637	4	1	16	967	0
6.363	1	2	637	4	1	16	967	1
6.364	1	2	637	5	1	16	967	0
6.364	1	2	637	5	1	16	967	1
6.377	1	2	638	8	1	16	967	0
6.377	1	2	638	8	1	16	967	1
6.378	1	2	638	9	1	16	967	0
6.378	1	2	638	9	1	16	967	1
6.379	1	2	638	10	1	16	967	0
6.379	1	2	638	10	1	16	967	1
6.394	1	2	640	5	1	16	967	0
6.394	1	2	640	5	1	16	967	1
6.41	1	2	642	1	1	12	621	0
6.41	1	2	642	1	1	12	621	1
6.426	1	2	643	7	1	12	621	0
6.426	1	2	643	7	1	12	621	1
6.442	1	2	645	3	1	18	1143	0
6.442	1	2	645	3	1	18	1143	1
6.443	1	2	645	4	1	18	1143	0
6.443	1	2	645	4	1	18	1143	1
6.457	1	2	646	8	1	18	1143	0
6.457	1	2	646	8	1	18	1143	1
6.458	1	2	646	9	1	18	1143	0
6.458	1	2	646	9	1	18	1143	1
6.472	1	2	648	3	1	18	1143	0
6.472	1	2	648	3	1	18	1143	1
6.473	1	2	648	4	1	18	1143	0
6.473	1	2	648	4	1	18	1143	1
6.474	1	2	648	5	1	18	1143	0
6.474	1	2	648	5	1	18	1143	1
6.489	1	2	649	10	1	14	807	0
6.489	1	2	649	10	1	14	807	1
6.49	1	2	650	1	1	14	807	0
6.49	1	2	650	1	1	14	807	1
6.504	1	2	651	5	1	14	807	0
6.504	1	2	651	5	1	14	807	1
6.505	1	2	651	6	1	14	807	0
6.505	1	2	651	6	1	14	807	1
6.506	1	2	651	7	1	14	807	0
6.506	1	2	651	7	1	14	807	1
6.52	1	2	653	1	1	14	807	0
6.52	1	2	653	1	1	14	807	1
6.521	1	2	653	2	1	26	1908	0
6.521	1	2	653	2	1	26	1908	1
6.522	1	2	653	3	1	26	1908	0
6.522	1	2	653	3	1	26	1908	1
6.536	1	2	654	7	1	26	1908	0
6.536	1	2	654	7	1	26	1908	1
6.552	1	2	656	3	1	26	1908	0
6.552	1	2	656	3	1	26	1908	1
6.553	1	2	656	4	1	26	1908	0
6.553	1	2	656	4	1	26	1908	1
6.567	1	2	657	8	1	18	1143	0
6.567	1	2	657	8	1	18	1143	1
6.568	1	2	657	9	1	18	1143	0
6.568	1	2	657	9	1	18	1143	1
6.583	1	2	659	4	1	18	1143	0
6.583	1	2	659	4	1	18	1143	1
6.584	1	2	659	5	1	18	1143	0
6.584	1	2	659	5	1	18	1143	1
6.6	1	2	661	1	1	18	1143	0
6.6	1	2	661	1	1	18	1143	1
6.601	1	2	661	2	1	12	621	0
6.601	1	2	661	2	1	12	621	1
6.616	1	2	662	7	1	12	621	0
6.616	1	2	662	7	1	12	621	1
6.617	1	2	662	8	1	12	621	0
6.617	1	2	662	8	1	12	621	1
6.632	1	2	664	3	1	12	621	0
6.632	1	2	664	3	1	12	621	1
6.633	1	2	664	4	1	12	621	0
6.633	1	2	664	4	1	12	621	1
6.648	1	2	665	9	1	20	1335	0
6.648	1	2	665	9	1	20	1335	1
6.649	1	2	665	10	1	20	1335	0
6.649	1	2	665	10	1	20	1335	1
6.664	1	2	667	5	1	20	1335	0
6.664	1	2	667	5	1	20	1335	1
6.665	1	2	667	6	1	20	1335	0
6.665	1	2	667	6	1	20	1335	1
6.683	1	2	669	4	1	12	621	0
6.683	1	2	669	4	1	12	621	1
6.684	1	2	669	5	1	12	621	0
6.684	1	2	669	5	1	12	621	1
6.698	1	2	670	9	1	12	621	0
6.698	1	2	670	9	1	12	621	1
6.699	1	2	670	10	1	12	621	0
6.699	1	2	670	10	1	12	621	1
6.701	1	2	671	2	1	12	621	0
6.701	1	2	671	2	1	12	621	1
6.718	1	2	672	9	1	12	621	0
6.718	1	2	672	9	1	12	621	1
6.733	1	2	674	4	1	24	1692	0
6.733	1	2	674	4	1	24	1692	1
6.734	1	2	674	5	1	24	1692	0
6.734	1	2	674	5	1	24	1692	1
6.749	1	2	675	10	1	24	1692	0
6.749	1	2	675	10	1	24	1692	1
6.75	1	2	676	1	1	24	1692	0
6.75	1	2	676	1	1	24	1692	1
6.765	1	2	677	6	1	28	2292	0
6.765	1	2	677	6	1	28	2292	1
6.767	1	2	677	8	1	28	2292	0
6.767	1	2	677	8	1	28	2292	1
6.781	1	2	679	2	1	28	2292	0
6.781	1	2	679	2	1	28	2292	1
6.782	1	2	679	3	1	28	2292	0
6.782	1	2	679	3	1	28	2292	1
6.797	1	2	680	8	1	28	2292	0
6.797	1	2	680	8	1	28	2292	1
6.798	1	2	680	9	1	28	2292	0
6.798	1	2	680	9	1	28	2292	1
6.812	1	2	682	3	1	16	967	0
6.812	1	2	682	3	1	16	967	1
6.813	1	2	682	4	1	16	967	0
6.813	1	2	682	4	1	16	967	1
6.814	1	2	682	5	1	16	967	0
6.814	1	2	682	5	1	16	967	1
6.829	1	2	683	10	1	16	967	0
6.829	1	2	683	10	1	16	967	1
6.837	1	2	684	8	1	16	967	0
6.837	1	2	684	8	1	16	967	1
6.844	1	2	685	5	1	24	1692	0
6.844	1	2	685	5	1	24	1692	1
6.845	1	2	685	6	1	24	1692	0
6.845	1	2	685	6	1	24	1692	1
6.852	1	2	686	3	1	24	1692	0
6.852	1	2	686	3	1	24	1692	1
6.853	1	2	686	4	1	24	1692	0
6.853	1	2	686	4	1	24	1692	1
6.854	1	2	686	5	1	24	1692	0
6.854	1	2	686	5	1	24	1692	1
6.859	1	2	686	10	1	24	1692	0
6.859	1	2	686	10	1	24	1692	1
6.86	1	2	687	1	1	24	1692	0
6.86	1	2	687	1	1	24	1692	1
6.868	1	2	687	9	1	24	1692	0
6.868	1	2	687	9	1	24	1692	1
6.869	1	2	687	10	1	24	1692	0
6.869	1	2	687	10	1	24	1692	1
6.884	1	2	689	5	1	8	437	0
6.884	1	2	689	5	1	8	437	1
6.885	1	2	689	6	1	8	437	0
6.885	1	2	689	6	1	8	437	1
6.9	1	2	691	1	1	8	437	0
6.9	1	2	691	1	1	8	437	1
6.901	1	2	691	2	1	8	437	0
6.901	1	2	691	2	1	8	437	1
6.923	1	2	693	4	1	20	1335	0
6.923	1	2	693	4	1	20	1335	1
6.939	1	2	694	10	1	20	1335	0
6.939	1	2	694	10	1	20	1335	1
6.955	1	2	696	6	1	20	1335	0
6.955	1	2	696	6	1	20	1335	1
6.956	1	2	696	7	1	20	1335	0
6.956	1	2	696	7	1	20	1335	1
6.97	1	2	698	1	1	26	1908	0
6.97	1	2	698	1	1	26	1908	1
6.972	1	2	698	3	1	26	1908	0
6.972	1	2	698	3	1	26	1908	1
6.986	1	2	699	7	1	26	1908	0
6.986	1	2	699	7	1	26	1908	1
6.987	1	2	699	8	1	26	1908	0
6.987	1	2	699	8	1	26	1908	1
7.002	1	2	701	3	1	22	1431	0
7.002	1	2	701	3	1	22	1431	1
7.018	1	2	702	9	1	22	1431	0
7.018	1	2	702	9	1	22	1431	1
7.019	1	2	702	10	1	22	1431	0
7.019	1	2	702	10	1	22	1431	1
7.02	1	2	703	1	1	22	1431	0
7.02	1	2	703	1	1	22	1431	1
7.033	1	2	704	4	1	22	1431	0
7.033	1	2	704	4	1	22	1431	1
7.034	1	2	704	5	1	22	1431	0
7.034	1	2	704	5	1	22	1431	1
7.035	1	2	704	6	1	22	1431	0
7.035	1	2	704	6	1	22	1431	1
7.053	1	2	706	4	1	8	437	0
7.053	1	2	706	4	1	8	437	1
7.068	1	2	707	9	1	8	437	0
7.068	1	2	707	9	1	8	437	1
7.069	1	2	707	10	1	8	437	0
7.069	1	2	707	10	1	8	437	1
7.07	1	2	708	1	1	8	437	0
7.07	1	2	708	1	1	8	437	1
7.084	1	2	709	5	1	28	2292	0
7.084	1	2	709	5	1	28	2292	1
7.085	1	2	709	6	1	28	2292	0
7.085	1	2	709	6	1	28	2292	1
7.1	1	2	711	1	1	28	2292	0
7.1	1	2	711	1	1	28	2292	1
7.101	1	2	711	2	1	28	2292	0
7.101	1	2	711	2	1	28	2292	1
7.116	1	2	712	7	1	28	2292	0
7.116	1	2	712	7	1	28	2292	1
7.133	1	2	714	4	1	14	807	0
7.133	1	2	714	4	1	14	807	1
7.134	1	2	714	5	1	14	807	0
7.134	1	2	714	5	1	14	807	1
7.149	1	2	715	10	1	14	807	0
7.149	1	2	715	10	1	14	807	1
7.15	1	2	716	1	1	14	807	0
7.15	1	2	716	1	1	14	807	1
7.151	1	2	716	2	1	14	807	0
7.151	1	2	716	2	1	14	807	1
7.165	1	2	717	6	1	28	2292	0
7.165	1	2	717	6	1	28	2292	1
7.166	1	2	717	7	1	28	2292	0
7.166	1	2	717	7	1	28	2292	1
7.167	1	2	717	8	1	28	2292	0
7.167	1	2	717	8	1	28	2292	1
7.182	1	2	719	3	1	28	2292	0
7.182	1	2	719	3	1	28	2292	1
7.183	1	2	719	4	1	28	2292	0
7.183	1	2	719	4	1	28	2292	1
7.198	1	2	720	9	1	28	2292	0
7.198	1	2	720	9	1	28	2292	1
7.199	1	2	720	10	1	28	2292	0
7.199	1	2	720	10	1	28	2292	1
7.205	1	2	721	6	1	28	2292	0
7.207	1	2	721	8	1	14	807	0
7.207	1	2	721	8	1	14	807	1
7.22	1	2	723	1	1	14	807	0
7.22	1	2	723	1	1	14	807	1
7.221	1	2	723	2	1	14	807	0
7.221	1	2	723	2	1	14	807	1
7.222	1	2	723	3	1	14	807	0
7.222	1	2	723	3	1	14	807	1
7.236	1	2	724	7	1	14	807	0
7.236	1	2	724	7	1	14	807	1
7.237	1	2	724	8	1	14	807	0
7.237	1	2	724	8	1	14	807	1
7.251	1	2	726	2	1	2	137	0
7.251	1	2	726	2	1	2	137	1
7.252	1	2	726	3	1	2	137	0
7.252	1	2	726	3	1	2	137	1
7.266	1	2	727	7	1	2	137	0
7.266	1	2	727	7	1	2	137	1
7.267	1	2	727	8	1	2	137	0
7.267	1	2	727	8	1	2	137	1
7.281	1	2	729	2	1	14	807	0
7.281	1	2	729	2	1	14	807	1
7.283	1	2	729	4	1	14	807	0
7.283	1	2	729	4	1	14	807	1
7.297	1	2	730	8	1	14	807	0
7.297	1	2	730	8	1	14	807	1
7.299	1	2	730	10	1	14	807	0
7.299	1	2	730	10	1	14	807	1
7.313	1	2	732	4	1	14	807	0
7.313	1	2	732	4	1	14	807	1
7.314	1	2	732	5	1	14	807	0
7.314	1	2	732	5	1	14	807	1
7.315	1	2	732	6	1	14	807	0
7.315	1	2	732	6	1	14	807	1
7.329	1	2	733	10	1	22	1431	0
7.329	1	2	733	10	1	22	1431	1
7.33	1	2	734	1	1	22	1431	0
7.33	1	2	734	1	1	22	1431	1
7.345	1	2	735	6	1	22	1431	0
7.345	1	2	735	6	1	22	1431	1
7.346	1	2	735	7	1	22	1431	0
7.346	1	2	735	7	1	22	1431	1
7.36	1	2	737	1	1	22	1431	0
7.36	1	2	737	1	1	22	1431	1
7.361	1	2	737	2	1	28	2292	0
7.361	1	2	737	2	1	28	2292	1
7.376	1	2	738	7	1	28	2292	0
7.376	1	2	738	7	1	28	2292	1
7.397	1	2	740	8	1	28	2292	0
7.397	1	2	740	8	1	28	2292	1
7.412	1	2	742	3	1	22	1431	0
7.412	1	2	742	3	1	22	1431	1
7.413	1	2	742	4	1	22	1431	0
7.413	1	2	742	4	1	22	1431	1
7.428	1	2	743	9	1	22	1431	0
7.428	1	2	743	9	1	22	1431	1
7.429	1	2	743	10	1	22	1431	0
7.429	1	2	743	10	1	22	1431	1
7.444	1	2	745	5	1	24	1692	0
7.444	1	2	745	5	1	24	1692	1
7.46	1	2	747	1	1	24	1692	0
7.46	1	2	747	1	1	24	1692	1
7.461	1	2	747	2	1	24	1692	0
7.461	1	2	747	2	1	24	1692	1
7.462	1	2	747	3	1	24	1692	0
7.462	1	2	747	3	1	24	1692	1
7.476	1	2	748	7	1	24	1692	0
7.476	1	2	748	7	1	24	1692	1
7.494	1	2	750	5	1	28	2292	0
7.494	1	2	750	5	1	28	2292	1
7.495	1	2	750	6	1	28	2292	0
7.495	1	2	750	6	1	28	2292	1
7.496	1	2	750	7	1	28	2292	0
7.496	1	2	750	7	1	28	2292	1
7.509	1	2	751	10	1	28	2292	0
7.509	1	2	751	10	1	28	2292	1
7.51	1	2	752	1	1	28	2292	0
7.51	1	2	752	1	1	28	2292	1
7.511	1	2	752	2	1	28	2292	0
7.511	1	2	752	2	1	28	2292	1
7.525	1	2	753	6	1	26	1908	0
7.525	1	2	753	6	1	26	1908	1
7.526	1	2	753	7	1	26	1908	0
7.526	1	2	753	7	1	26	1908	1
7.54	1	2	755	1	1	26	1908	0
7.54	1	2	755	1	1	26	1908	1
7.542	1	2	755	3	1	26	1908	0
7.542	1	2	755	3	1	26	1908	1
7.556	1	2	756	7	1	26	1908	0
7.556	1	2	756	7	1	26	1908	1
7.563	1	2	757	4	1	26	1908	0
7.564	1	2	757	5	1	6	325	0
7.564	1	2	757	5	1	6	325	1
7.583	1	2	759	4	1	6	325	0
7.583	1	2	759	4	1	6	325	1
7.599	1	2	760	10	1	6	325	0
7.599	1	2	760	10	1	6	325	1
7.614	1	2	762	5	1	18	1143	0
7.614	1	2	762	5	1	18	1143	1
7.615	1	2	762	6	1	18	1143	0
7.615	1	2	762	6	1	18	1143	1
7.616	1	2	762	7	1	18	1143	0
7.616	1	2	762	7	1	18	1143	1
7.63	1	2	764	1	1	18	1143	0
7.63	1	2	764	1	1	18	1143	1
7.631	1	2	764	2	1	18	1143	0
7.631	1	2	764	2	1	18	1143	1
7.645	1	2	765	6	1	14	807	0
7.645	1	2	765	6	1	14	807	1
7.646	1	2	765	7	1	14	807	0
7.646	1	2	765	7	1	14	807	1
7.66	1	2	767	1	1	14	807	0
7.66	1	2	767	1	1	14	807	1
7.661	1	2	767	2	1	14	807	0
7.661	1	2	767	2	1	14	807	1
7.675	1	2	768	6	1	14	807	0
7.675	1	2	768	6	1	14	807	1
7.676	1	2	768	7	1	14	807	0
7.676	1	2	768	7	1	14	807	1
7.691	1	2	770	2	1	24	1692	0
7.691	1	2	770	2	1	24	1692	1
7.692	1	2	770	3	1	24	1692	0
7.692	1	2	770	3	1	24	1692	1
7.706	1	2	771	7	1	24	1692	0
7.706	1	2	771	7	1	24	1692	1
7.707	1	2	771	8	1	24	1692	0
7.707	1	2	771	8	1	24	1692	1
7.722	1	2	773	3	1	22	1431	0
7.722	1	2	773	3	1	22	1431	1
7.737	1	2	774	8	1	22	1431	0
7.737	1	2	774	8	1	22	1431	1
7.738	1	2	774	9	1	22	1431	0
7.738	1	2	774	9	1	22	1431	1
7.752	1	2	776	3	1	22	1431	0
7.752	1	2	776	3	1	22	1431	1
7.754	1	2	776	5	1	22	1431	0
7.754	1	2	776	5	1	22	1431	1
7.756	1	2	776	7	1	22	1431	0
7.756	1	2	776	7	1	22	1431	1
7.768	1	2	777	9	1	20	1335	0
7.768	1	2	777	9	1	20	1335	1
7.769	1	2	777	10	1	20	1335	0
7.769	1	2	777	10	1	20	1335	1
7.784	1	2	779	5	1	20	1335	0
7.784	1	2	779	5	1	20	1335	1
7.785	1	2	779	6	1	20	1335	0
7.785	1	2	779	6	1	20	1335	1
7.786	1	2	779	7	1	20	1335	0
7.786	1	2	779	7	1	20	1335	1
7.799	1	2	780	10	1	20	1335	0
7.799	1	2	780	10	1	20	1335	1
7.8	1	2	781	1	1	20	1335	0
7.8	1	2	781	1	1	20	1335	1
7.801	1	2	781	2	1	14	807	0
7.801	1	2	781	2	1	14	807	1
7.802	1	2	781	3	1	14	807	0
7.802	1	2	781	3	1	14	807	1
7.815	1	2	782	6	1	14	807	0
7.815	1	2	782	6	1	14	807	1
7.816	1	2	782	7	1	14	807	0
7.816	1	2	782	7	1	14	807	1
7.817	1	2	782	8	1	14	807	0
7.817	1	2	782	8	1	14	807	1
7.83	1	2	784	1	1	14	807	0
7.83	1	2	784	1	1	14	807	1
7.831	1	2	784	2	1	14	807	0
7.831	1	2	784	2	1	14	807	1
7.845	1	2	785	6	1	10	549	0
7.845	1	2	785	6	1	10	549	1
7.846	1	2	785	7	1	10	549	0
7.846	1	2	785	7	1	10	549	1
7.861	1	2	787	2	1	10	549	0
7.861	1	2	787	2	1	10	549	1
7.862	1	2	787	3	1	10	549	0
7.862	1	2	787	3	1	10	549	1
7.877	1	2	788	8	1	10	549	0
7.877	1	2	788	8	1	10	549	1
7.878	1	2	788	9	1	10	549	0
7.878	1	2	788	9	1	10	549	1
7.892	1	2	790	3	1	24	1692	0
7.892	1	2	790	3	1	24	1692	1
7.893	1	2	790	4	1	24	1692	0
7.893	1	2	790	4	1	24	1692	1
7.91	1	2	792	1	1	24	1692	0
7.91	1	2	792	1	1	24	1692	1
7.926	1	2	793	7	1	14	807	0
7.926	1	2	793	7	1	14	807	1
7.927	1	2	793	8	1	14	807	0
7.927	1	2	793	8	1	14	807	1
7.942	1	2	795	3	1	14	807	0
7.942	1	2	795	3	1	14	807	1
7.943	1	2	795	4	1	14	807	0
7.943	1	2	795	4	1	14	807	1
7.944	1	2	795	5	1	14	807	0
7.944	1	2	795	5	1	14	807	1
7.958	1	2	796	9	1	14	807	0
7.958	1	2	796	9	1	14	807	1
7.959	1	2	796	10	1	14	807	0
7.959	1	2	796	10	1	14	807	1
7.96	1	2	797	1	1	14	807	0
7.96	1	2	797	1	1	14	807	1
7.974	1	2	798	5	1	24	1692	0
7.974	1	2	798	5	1	24	1692	1
7.975	1	2	798	6	1	24	1692	0
7.975	1	2	798	6	1	24	1692	1
7.989	1	2	799	10	1	24	1692	0
7.989	1	2	799	10	1	24	1692	1
7.99	1	2	800	1	1	24	1692	0
7.99	1	2	800	1	1	24	1692	1
8.004	1	2	801	5	1	8	437	0
8.004	1	2	801	5	1	8	437	1
8.005	1	2	801	6	1	8	437	0
8.005	1	2	801	6	1	8	437	1
8.02	1	2	803	1	1	8	437	0
8.02	1	2	803	1	1	8	437	1
8.021	1	2	803	2	1	8	437	0
8.021	1	2	803	2	1	8	437	1
8.038	1	2	804	9	1	8	437	0
8.038	1	2	804	9	1	8	437	1
8.054	1	2	806	5	1	18	1143	0
8.054	1	2	806	5	1	18	1143	1
8.056	1	2	806	7	1	18	1143	0
8.056	1	2	806	7	1	18	1143	1
8.069	1	2	807	10	1	18	1143	0
8.069	1	2	807	10	1	18	1143	1
8.071	1	2	808	2	1	18	1143	0
8.071	1	2	808	2	1	18	1143	1
8.072	1	2	808	3	1	18	1143	0
8.072	1	2	808	3	1	18	1143	1
8.086	1	2	809	7	1	28	2292	0
8.086	1	2	809	7	1	28	2292	1
8.087	1	2	809	8	1	28	2292	0
8.087	1	2	809	8	1	28	2292	1
8.101	1	2	811	2	1	28	2292	0
8.101	1	2	811	2	1	28	2292	1
8.102	1	2	811	3	1	28	2292	0
8.102	1	2	811	3	1	28	2292	1
8.103	1	2	811	4	1	28	2292	0
8.103	1	2	811	4	1	28	2292	1
8.116	1	2	812	7	1	28	2292	0
8.116	1	2	812	7	1	28	2292	1
8.117	1	2	812	8	1	28	2292	0
8.117	1	2	812	8	1	28	2292	1
8.118	1	2	812	9	1	28	2292	0
8.118	1	2	812	9	1	28	2292	1
8.12	1	2	813	1	1	28	2292	0
8.12	1	2	813	1	1	28	2292	1
8.132	1	2	814	3	1	16	967	0
8.132	1	2	814	3	1	16	967	1
8.133	1	2	814	4	1	16	967	0
8.133	1	2	814	4	1	16	967	1
8.134	1	2	814	5	1	16	967	0
8.134	1	2	814	5	1	16	967	1
8.148	1	2	815	9	1	16	967	0
8.148	1	2	815	9	1	16	967	1
8.149	1	2	815	10	1	16	967	0
8.149	1	2	815	10	1	16	967	1
8.163	1	2	817	4	1	24	1692	0
8.163	1	2	817	4	1	24	1692	1
8.164	1	2	817	5	1	24	1692	0
8.164	1	2	817	5	1	24	1692	1
8.179	1	2	818	10	1	24	1692	0
8.179	1	2	818	10	1	24	1692	1
8.18	1	2	819	1	1	24	1692	0
8.18	1	2	819	1	1	24	1692	1
8.2	1	2	821	1	1	24	1692	0
8.2	1	2	821	1	1	24	1692	1
8.215	1	2	822	6	1	14	807	0
8.215	1	2	822	6	1	14	807	1
8.216	1	2	822	7	1	14	807	0
8.216	1	2	822	7	1	14	807	1
8.23	1	2	824	1	1	14	807	0
8.23	1	2	824	1	1	14	807	1
8.233	1	2	824	4	1	14	807	0
8.233	1	2	824	4	1	14	807	1
8.247	1	2	825	8	1	20	1335	0
8.247	1	2	825	8	1	20	1335	1
8.262	1	2	827	3	1	20	1335	0
8.262	1	2	827	3	1	20	1335	1
8.263	1	2	827	4	1	20	1335	0
8.263	1	2	827	4	1	20	1335	1
8.264	1	2	827	5	1	20	1335	0
8.264	1	2	827	5	1	20	1335	1
8.277	1	2	828	8	1	20	1335	0
8.277	1	2	828	8	1	20	1335	1
8.278	1	2	828	9	1	20	1335	0
8.278	1	2	828	9	1	20	1335	1
8.279	1	2	828	10	1	20	1335	0
8.279	1	2	828	10	1	20	1335	1
8.293	1	2	830	4	1	14	807	0
8.293	1	2	830	4	1	14	807	1
8.294	1	2	830	5	1	14	807	0
8.294	1	2	830	5	1	14	807	1
8.309	1	2	831	10	1	14	807	0
8.309	1	2	831	10	1	14	807	1
8.325	1	2	833	6	1	22	1431	0
8.325	1	2	833	6	1	22	1431	1
8.34	1	2	835	1	1	22	1431	0
8.34	1	2	835	1	1	22	1431	1
8.341	1	2	835	2	1	22	1431	0
8.341	1	2	835	2	1	22	1431	1
8.356	1	2	836	7	1	22	1431	0
8.356	1	2	836	7	1	22	1431	1
8.357	1	2	836	8	1	22	1431	0
8.357	1	2	836	8	1	22	1431	1
8.372	1	2	838	3	1	10	549	0
8.372	1	2	838	3	1	10	549	1
8.373	1	2	838	4	1	10	549	0
8.373	1	2	838	4	1	10	549	1
8.387	1	2	839	8	1	10	549	0
8.387	1	2	839	8	1	10	549	1
8.388	1	2	839	9	1	10	549	0
8.388	1	2	839	9	1	10	549	1
8.403	1	2	841	4	1	18	1143	0
8.403	1	2	841	4	1	18	1143	1
8.404	1	2	841	5	1	18	1143	0
8.404	1	2	841	5	1	18	1143	1
8.405	1	2	841	6	1	18	1143	0
8.405	1	2	841	6	1	18	1143	1
8.425	1	2	843	6	1	18	1143	0
8.425	1	2	843	6	1	18	1143	1
8.44	1	2	845	1	1	18	1143	0
8.44	1	2	845	1	1	18	1143	1
8.441	1	2	845	2	1	4	225	0
8.441	1	2	845	2	1	4	225	1
8.442	1	2	845	3	1	4	225	0
8.442	1	2	845	3	1	4	225	1
8.456	1	2	846	7	1	4	225	0
8.456	1	2	846	7	1	4	225	1
8.457	1	2	846	8	1	4	225	0
8.457	1	2	846	8	1	4	225	1
8.471	1	2	848	2	1	4	225	0
8.471	1	2	848	2	1	4	225	1
8.472	1	2	848	3	1	4	225	0
8.472	1	2	848	3	1	4	225	1
8.487	1	2	849	8	1	16	967	0
8.487	1	2	849	8	1	16	967	1
8.503	1	2	851	4	1	16	967	0
8.503	1	2	851	4	1	16	967	1
8.518	1	2	852	9	1	16	967	0
8.518	1	2	852	9	1	16	967	1
8.519	1	2	852	10	1	16	967	0
8.519	1	2	852	10	1	16	967	1
8.535	1	2	854	6	1	14	807	0
8.535	1	2	854	6	1	14	807	1
8.551	1	2	856	2	1	14	807	0
8.551	1	2	856	2	1	14	807	1
8.566	1	2	857	7	1	4	225	0
8.566	1	2	857	7	1	4	225	1
8.567	1	2	857	8	1	4	225	0
8.567	1	2	857	8	1	4	225	1
8.581	1	2	859	2	1	4	225	0
8.581	1	2	859	2	1	4	225	1
8.582	1	2	859	3	1	4	225	0
8.582	1	2	859	3	1	4	225	1
8.583	1	2	859	4	1	4	225	0
8.583	1	2	859	4	1	4	225	1
8.602	1	2	861	3	1	16	967	0
8.602	1	2	861	3	1	16	967	1
8.617	1	2	862	8	1	16	967	0
8.617	1	2	862	8	1	16	967	1
8.618	1	2	862	9	1	16	967	0
8.618	1	2	862	9	1	16	967	1
8.619	1	2	862	10	1	16	967	0
8.619	1	2	862	10	1	16	967	1
8.632	1	2	864	3	1	16	967	0
8.632	1	2	864	3	1	16	967	1
8.633	1	2	864	4	1	16	967	0
8.633	1	2	864	4	1	16	967	1
8.634	1	2	864	5	1	16	967	0
8.634	1	2	864	5	1	16	967	1
8.647	1	2	865	8	1	12	621	0
8.647	1	2	865	8	1	12	621	1
8.648	1	2	865	9	1	12	621	0
8.648	1	2	865	9	1	12	621	1
8.662	1	2	867	3	1	12	621	0
8.662	1	2	867	3	1	12	621	1
8.663	1	2	867	4	1	12	621	0
8.663	1	2	867	4	1	12	621	1
8.678	1	2	868	9	1	12	621	0
8.678	1	2	868	9	1	12	621	1
8.68	1	2	869	1	1	12	621	0
8.68	1	2	869	1	1	12	621	1
8.694	1	2	870	5	1	22	1431	0
8.694	1	2	870	5	1	22	1431	1
8.695	1	2	870	6	1	22	1431	0
8.695	1	2	870	6	1	22	1431	1
8.711	1	2	872	2	1	22	1431	0
8.711	1	2	872	2	1	22	1431	1
8.712	1	2	872	3	1	22	1431	0
8.712	1	2	872	3	1	22	1431	1
8.727	1	2	873	8	1	26	1908	0
8.727	1	2	873	8	1	26	1908	1
8.728	1	2	873	9	1	26	1908	0
8.728	1	2	873	9	1	26	1908	1
8.742	1	2	875	3	1	26	1908	0
8.742	1	2	875	3	1	26	1908	1
8.743	1	2	875	4	1	26	1908	0
8.743	1	2	875	4	1	26	1908	1
8.76	1	2	877	1	1	26	1908	0
8.76	1	2	877	1	1	26	1908	1
8.776	1	2	878	7	1	18	1143	0
8.776	1	2	878	7	1	18	1143	1
8.777	1	2	878	8	1	18	1143	0
8.777	1	2	878	8	1	18	1143	1
8.793	1	2	880	4	1	18	1143	0
8.793	1	2	880	4	1	18	1143	1
8.794	1	2	880	5	1	18	1143	0
8.794	1	2	880	5	1	18	1143	1
8.795	1	2	880	6	1	18	1143	0
8.795	1	2	880	6	1	18	1143	1
8.809	1	2	881	10	1	22	1431	0
8.809	1	2	881	10	1	22	1431	1
8.81	1	2	882	1	1	22	1431	0
8.81	1	2	882	1	1	22	1431	1
8.811	1	2	882	2	1	22	1431	0
8.811	1	2	882	2	1	22	1431	1
8.825	1	2	883	6	1	22	1431	0
8.825	1	2	883	6	1	22	1431	1
8.842	1	2	885	3	1	22	1431	0
8.842	1	2	885	3	1	22	1431	1
8.843	1	2	885	4	1	22	1431	0
8.843	1	2	885	4	1	22	1431	1
8.857	1	2	886	8	1	22	1431	0
8.857	1	2	886	8	1	22	1431	1
8.858	1	2	886	9	1	22	1431	0
8.858	1	2	886	9	1	22	1431	1
8.872	1	2	888	3	1	22	1431	0
8.872	1	2	888	3	1	22	1431	1
8.873	1	2	888	4	1	22	1431	0
8.873	1	2	888	4	1	22	1431	1
8.888	1	2	889	9	1	14	807	0
8.888	1	2	889	9	1	14	807	1
8.889	1	2	889	10	1	14	807	0
8.889	1	2	889	10	1	14	807	1
8.904	1	2	891	5	1	14	807	0
8.904	1	2	891	5	1	14	807	1
8.905	1	2	891	6	1	14	807	0
8.905	1	2	891	6	1	14	807	1
8.919	1	2	892	10	1	14	807	0
8.919	1	2	892	10	1	14	807	1
8.921	1	2	893	2	1	22	1431	0
8.921	1	2	893	2	1	22	1431	1
8.935	1	2	894	6	1	22	1431	0
8.935	1	2	894	6	1	22	1431	1
8.936	1	2	894	7	1	22	1431	0
8.936	1	2	894	7	1	22	1431	1
8.937	1	2	894	8	1	22	1431	0
8.937	1	2	894	8	1	22	1431	1
8.952	1	2	896	3	1	22	1431	0
8.952	1	2	896	3	1	22	1431	1
8.953	1	2	896	4	1	22	1431	0
8.953	1	2	896	4	1	22	1431	1
8.968	1	2	897	9	1	10	549	0
8.968	1	2	897	9	1	10	549	1
8.969	1	2	897	10	1	10	549	0
8.969	1	2	897	10	1	10	549	1
8.97	1	2	898	1	1	10	549	0
8.97	1	2	898	1	1	10	549	1
8.989	1	2	899	10	1	10	549	0
8.989	1	2	899	10	1	10	549	1
9.004	1	2	901	5	1	22	1431	0
9.004	1	2	901	5	1	22	1431	1
9.005	1	2	901	6	1	22	1431	0
9.005	1	2	901	6	1	22	1431	1
9.019	1	2	902	10	1	22	1431	0
9.019	1	2	902	10	1	22	1431	1
9.02	1	2	903	1	1	22	1431	0
9.02	1	2	903	1	1	22	1431	1
9.021	1	2	903	2	1	22	1431	0
9.021	1	2	903	2	1	22	1431	1
9.036	1	2	904	7	1	22	1431	0
9.036	1	2	904	7	1	22	1431	1
9.037	1	2	904	8	1	22	1431	0
9.037	1	2	904	8	1	22	1431	1
9.053	1	2	906	4	1	22	1431	0
9.053	1	2	906	4	1	22	1431	1
9.054	1	2	906	5	1	22	1431	0
9.054	1	2	906	5	1	22	1431	1
9.068	1	2	907	9	1	22	1431	0
9.068	1	2	907	9	1	22	1431	1
9.069	1	2	907	10	1	22	1431	0
9.069	1	2	907	10	1	22	1431	1
9.085	1	2	909	6	1	20	1335	0
9.085	1	2	909	6	1	20	1335	1
9.086	1	2	909	7	1	20	1335	0
9.086	1	2	909	7	1	20	1335	1
9.1	1	2	911	1	1	20	1335	0
9.1	1	2	911	1	1	20	1335	1
9.101	1	2	911	2	1	20	1335	0
9.101	1	2	911	2	1	20	1335	1
9.118	1	2	912	9	1	20	1335	0
9.118	1	2	912	9	1	20	1335	1
9.134	1	2	914	5	1	22	1431	0
9.134	1	2	914	5	1	22	1431	1
9.135	1	2	914	6	1	22	1431	0
9.135	1	2	914	6	1	22	1431	1
9.137	1	2	914	8	1	22	1431	0
9.137	1	2	914	8	1	22	1431	1
9.15	1	2	916	1	1	22	1431	0
9.15	1	2	916	1	1	22	1431	1
9.151	1	2	916	2	1	22	1431	0
9.151	1	2	916	2	1	22	1431	1
9.166	1	2	917	7	1	28	2292	0
9.166	1	2	917	7	1	28	2292	1
9.167	1	2	917	8	1	28	2292	0
9.167	1	2	917	8	1	28	2292	1
9.168	1	2	917	9	1	28	2292	0
9.168	1	2	917	9	1	28	2292	1
9.182	1	2	919	3	1	28	2292	0
9.182	1	2	919	3	1	28	2292	1
9.183	1	2	919	4	1	28	2292	0
9.183	1	2	919	4	1	28	2292	1
9.184	1	2	919	5	1	28	2292	0
9.184	1	2	919	5	1	28	2292	1
9.198	1	2	920	9	1	28	2292	0
9.198	1	2	920	9	1	28	2292	1
9.199	1	2	920	10	1	28	2292	0
9.199	1	2	920	10	1	28	2292	1
9.213	1	2	922	4	1	20	1335	0
9.213	1	2	922	4	1	20	1335	1
9.215	1	2	922	6	1	20	1335	0
9.215	1	2	922	6	1	20	1335	1
9.229	1	2	923	10	1	20	1335	0
9.229	1	2	923	10	1	20	1335	1
9.23	1	2	924	1	1	20	1335	0
9.23	1	2	924	1	1	20	1335	1
9.245	1	2	925	6	1	24	1692	0
9.245	1	2	925	6	1	24	1692	1
9.246	1	2	925	7	1	24	1692	0
9.246	1	2	925	7	1	24	1692	1
9.261	1	2	927	2	1	24	1692	0
9.261	1	2	927	2	1	24	1692	1
9.262	1	2	927	3	1	24	1692	0
9.262	1	2	927	3	1	24	1692	1
9.277	1	2	928	8	1	24	1692	0
9.277	1	2	928	8	1	24	1692	1
9.278	1	2	928	9	1	24	1692	0
9.278	1	2	928	9	1	24	1692	1
9.292	1	2	930	3	1	26	1908	0
9.292	1	2	930	3	1	26	1908	1
9.293	1	2	930	4	1	26	1908	0
9.293	1	2	930	4	1	26	1908	1
9.294	1	2	930	5	1	26	1908	0
9.294	1	2	930	5	1	26	1908	1
9.311	1	2	932	2	1	26	1908	0
9.311	1	2	932	2	1	26	1908	1
9.334	1	7	934	5	2	8	209	0
9.334	1	2	934	5	1	22	693	0
9.334	1	7	934	5	2	8	209	1
9.334	1	2	934	5	1	22	693	1
9.35	1	2	936	1	1	22	1431	0
9.35	1	2	936	1	1	22	1431	1
9.352	1	2	936	3	1	22	1431	0
9.352	1	2	936	3	1	22	1431	1
9.356	1	7	936	7	2	8	437	0
9.356	1	7	936	7	2	8	437	1
9.367	1	2	937	8	1	28	2292	0
9.367	1	2	937	8	1	28	2292	1
9.385	1	2	939	6	1	28	2292	0
9.385	1	2	939	6	1	28	2292	1
9.4	1	2	941	1	1	28	2292	0
9.4	1	2	941	1	1	28	2292	1
9.401	1	2	941	2	1	28	2292	0
9.401	1	2	941	2	1	28	2292	1
9.416	1	2	942	7	1	28	2292	0
9.416	1	2	942	7	1	28	2292	1
9.417	1	2	942	8	1	28	2292	0
9.417	1	2	942	8	1	28	2292	1
9.432	1	2	944	3	1	28	2292	0
9.432	1	2	944	3	1	28	2292	1
9.448	1	2	945	9	1	28	2292	0
9.448	1	2	945	9	1	28	2292	1
9.449	1	2	945	10	1	28	2292	0
9.449	1	2	945	10	1	28	2292	1
9.465	1	2	947	6	1	28	2292	0
9.465	1	2	947	6	1	28	2292	1
9.466	1	2	947	7	1	28	2292	0
9.466	1	2	947	7	1	28	2292	1
9.481	1	2	949	2	1	24	1692	0
9.481	1	2	949	2	1	24	1692	1
9.482	1	2	949	3	1	24	1692	0
9.482	1	2	949	3	1	24	1692	1
9.497	1	2	950	8	1	24	1692	0
9.497	1	2	950	8	1	24	1692	1
9.498	1	2	950	9	1	24	1692	0
9.498	1	2	950	9	1	24	1692	1
9.513	1	2	952	4	1	24	1692	0
9.513	1	2	952	4	1	24	1692	1
9.514	1	2	952	5	1	24	1692	0
9.514	1	2	952	5	1	24	1692	1
9.529	1	2	953	10	1	20	1335	0
9.529	1	2	953	10	1	20	1335	1
9.53	1	2	954	1	1	20	1335	0
9.53	1	2	954	1	1	20	1335	1
9.544	1	2	955	5	1	20	1335	0
9.544	1	2	955	5	1	20	1335	1
9.545	1	2	955	6	1	20	1335	0
9.545	1	2	955	6	1	20	1335	1
9.56	1	2	957	1	1	20	1335	0
9.56	1	2	957	1	1	20	1335	1
9.576	1	2	958	7	1	20	1335	0
9.576	1	2	958	7	1	20	1335	1
9.591	1	2	960	2	1	20	1335	0
9.591	1	2	960	2	1	20	1335	1
9.592	1	2	960	3	1	20	1335	0
9.592	1	2	960	3	1	20	1335	1
9.608	1	2	961	9	1	22	1431	0
9.608	1	2	961	9	1	22	1431	1
9.623	1	2	963	4	1	22	1431	0
9.623	1	2	963	4	1	22	1431	1
9.624	1	2	963	5	1	22	1431	0
9.624	1	2	963	5	1	22	1431	1
9.625	1	2	963	6	1	22	1431	0
9.625	1	2	963	6	1	22	1431	1
9.638	1	2	964	9	1	22	1431	0
9.638	1	2	964	9	1	22	1431	1
9.639	1	2	964	10	1	22	1431	0
9.639	1	2	964	10	1	22	1431	1
9.654	1	2	966	5	1	14	807	0
9.654	1	2	966	5	1	14	807	1
9.655	1	2	966	6	1	14	807	0
9.655	1	2	966	6	1	14	807	1
9.67	1	2	968	1	1	14	807	0
9.67	1	2	968	1	1	14	807	1
9.686	1	2	969	7	1	22	1431	0
9.686	1	2	969	7	1	22	1431	1
9.687	1	2	969	8	1	22	1431	0
9.687	1	2	969	8	1	22	1431	1
9.702	1	2	971	3	1	22	1431	0
9.702	1	2	971	3	1	22	1431	1
9.703	1	2	971	4	1	22	1431	0
9.703	1	2	971	4	1	22	1431	1
9.704	1	2	971	5	1	22	1431	0
9.704	1	2	971	5	1	22	1431	1
9.708	1	9	971	9	10	22	1431	0
9.708	1	9	971	9	10	22	1431	1
9.718	1	2	972	9	1	22	1431	0
9.718	1	2	972	9	1	22	1431	1
9.719	1	2	972	10	1	22	1431	0
9.719	1	2	972	10	1	22	1431	1
9.739	1	2	974	10	1	28	2292	0
9.739	1	2	974	10	1	28	2292	1
9.754	1	2	976	5	1	28	2292	0
9.754	1	2	976	5	1	28	2292	1
9.755	1	2	976	6	1	28	2292	0
9.755	1	2	976	6	1	28	2292	1
9.77	1	2	978	1	1	14	807	0
9.77	1	2	978	1	1	14	807	1
9.785	1	2	979	6	1	14	807	0
9.785	1	2	979	6	1	14	807	1
9.786	1	2	979	7	1	14	807	0
9.786	1	2	979	7	1	14	807	1
9.8	1	2	981	1	1	14	807	0
9.8	1	2	981	1	1	14	807	1
9.801	1	2	981	2	1	20	1335	0
9.801	1	2	981	2	1	20	1335	1
9.815	1	2	982	6	1	20	1335	0
9.815	1	2	982	6	1	20	1335	1
9.816	1	2	982	7	1	20	1335	0
9.816	1	2	982	7	1	20	1335	1
9.831	1	2	984	2	1	20	1335	0
9.831	1	2	984	2	1	20	1335	1
9.847	1	2	985	8	1	20	1335	0
9.847	1	2	985	8	1	20	1335	1
9.862	1	2	987	3	1	20	1335	0
9.862	1	2	987	3	1	20	1335	1
9.863	1	2	987	4	1	20	1335	0
9.863	1	2	987	4	1	20	1335	1
9.877	1	2	988	8	1	20	1335	0
9.877	1	2	988	8	1	20	1335	1
9.878	1	2	988	9	1	20	1335	0
9.878	1	2	988	9	1	20	1335	1
9.879	1	2	988	10	1	20	1335	0
9.879	1	2	988	10	1	20	1335	1
9.893	1	2	990	4	1	12	621	0
9.893	1	2	990	4	1	12	621	1
9.894	1	2	990	5	1	12	621	0
9.894	1	2	990	5	1	12	621	1
9.909	1	2	991	10	1	12	621	0
9.909	1	2	991	10	1	12	621	1
9.91	1	2	992	1	1	12	621	0
9.91	1	2	992	1	1	12	621	1
9.927	1	2	993	8	1	24	1692	0
9.927	1	2	993	8	1	24	1692	1
9.928	1	2	993	9	1	24	1692	0
9.928	1	2	993	9	1	24	1692	1
9.943	1	2	995	4	1	24	1692	0
9.943	1	2	995	4	1	24	1692	1
9.944	1	2	995	5	1	24	1692	0
9.944	1	2	995	5	1	24	1692	1
9.958	1	2	996	9	1	24	1692	0
9.958	1	2	996	9	1	24	1692	1
9.959	1	2	996	10	1	24	1692	0
9.959	1	2	996	10	1	24	1692	1
9.973	1	2	998	4	1	28	2292	0
9.973	1	2	998	4	1	28	2292	1
9.974	1	2	998	5	1	28	2292	0
9.974	1	2	998	5	1	28	2292	1
9.989	1	2	999	10	1	28	2292	0
9.989	1	2	999	10	1	28	2292	1
9.99	1	2	1000	1	1	28	2292	0
9.99	1	2	1000	1	1	28	2292	1
